,Unnamed: 0,time,height,speed,battery,temperature,phase
0,0,0.0,101.52358539877216,14.881434707948136,99.77402451007325,38.74706809062049,cruise
1,1,1.0,94.80007946879752,13.541426127252675,99.5869810643597,37.06307655535335,cruise
2,2,2.0,103.75225597903228,14.171053868328285,100.0568447515649,40.89838241412677,cruise
3,3,3.0,104.70282358195608,16.267820755467486,99.88568696740728,30.356501501780265,cruise
4,4,4.0,90.24482405673082,15.005986582399911,98.97728390587451,34.20391967505724,cruise
5,5,5.0,93.4891024656884,15.680419953736676,100.16093872688148,33.61243584817152,cruise
6,6,6.0,100.63920201583645,16.34015848440438,99.4724222318441,29.078951970774195,cruise
7,7,7.0,98.41878703828208,14.25031707420478,98.88397389183156,38.18098161433908,cruise
8,8,8.0,99.91599421247857,16.512496327259612,99.95375141653628,34.188810332589924,cruise
9,9,9.0,95.7347803621321,15.757685206916788,99.59211706507736,37.21889361495969,cruise
10,10,10.0,104.39698987431414,12.530373826177042,98.56692820322525,42.07931580298884,cruise
11,11,11.0,103.88895967714474,17.884609582372487,100.00771053924798,33.94026892451718,cruise
12,12,12.0,100.33015348780609,13.998510512486169,99.36843772322212,33.736541052028535,cruise
13,13,13.0,105.63620603484016,11.689809313629633,98.95386090114644,35.35599250917199,cruise
14,14,14.0,102.33754671126025,12.909912580827395,99.67398828168976,37.96174205895023,cruise
15,15,15.0,95.7035376855838,12.957909678643356,98.8784476907136,33.29986092406955,cruise
16,16,16.0,101.8437539204125,15.104346637315066,98.7046771811667,33.10711520860361,cruise
17,17,17.0,95.205586995855,14.452298988907526,98.30848858062764,38.1715678107241,cruise
18,18,18.0,104.39225150653635,14.326336064718816,98.8494837782121,36.1359179715141,cruise
19,19,19.0,99.75037044506874,16.239403930964958,98.71677996214046,28.865815210985534,cruise
20,20,20.0,99.0756881822737,15.679750722385409,98.40573846834326,31.32382460159268,cruise
21,21,21.0,96.5953522779803,15.632095741288571,97.92332514138452,39.50370759148163,cruise
22,22,22.0,106.11270669337016,15.819656914657385,98.30320316532128,36.20578484923644,cruise
23,23,23.0,99.227352589656,16.232269336004478,98.12325876527709,32.71341220688825,cruise
24,24,24.0,97.85836088918448,10.784093316445114,97.41134091871098,34.488771028295055,cruise
25,25,25.0,98.23933224755883,14.271123495471077,97.2620918223359,35.03971001840501,cruise
26,26,26.0,102.66154592776674,10.639579871021052,98.2004946073228,37.207200080840494,cruise
27,27,27.0,101.8272203218204,15.072119853595591,96.536893680312,30.92520981542363,cruise
28,28,28.0,102.06366305797994,14.990734055551307,97.8604630212384,32.47715258398863,cruise
29,29,29.0,102.15410501503942,17.09106454957936,97.43863614880075,35.81886726459017,cruise
30,30,30.0,110.70823800435232,17.37526878544224,98.25172090103756,34.70049625851365,high_altitude
31,31,31.0,97.96792491807692,15.405550096504737,97.27078341294056,36.71557754791013,cruise
32,32,32.0,97.43878635464232,13.9992778452062,97.7671795445634,31.311477807921207,cruise
33,33,33.0,95.9311363587606,15.970322225091476,97.15890043673846,36.07138602881396,cruise
34,34,34.0,103.07989711287748,13.944164725351373,97.33415135402036,38.274750858132414,cruise
35,35,35.0,105.64486146360446,14.997214697113302,97.56561546265722,36.46045564144785,cruise
36,36,36.0,99.43026271172562,16.972272633921534,96.88583925895485,35.41733521928477,cruise
37,37,37.0,95.79921761518736,13.884457308021153,97.53531447928624,34.712349192302085,cruise
38,38,38.0,95.8775939215438,16.611357278485002,96.46010801840372,32.495446541685496,cruise
39,39,39.0,103.2529639391235,16.354802737384606,97.02417329815609,34.78400422268064,cruise
40,40,40.0,103.71627085601722,13.090416365738356,97.25811665819072,38.77911755864122,cruise
41,41,41.0,102.71577134152598,16.9477882564348,97.04673546261188,34.64291448019962,cruise
42,42,42.0,96.67245146355653,16.39713269074301,97.59485907500434,32.33058803195477,cruise
43,43,43.0,101.1608066153336,15.203851774745315,96.17483689790124,33.52325873370384,cruise
44,44,44.0,100.58342904570364,13.475353083944697,95.78690185080218,35.60255089182779,cruise
45,45,45.0,101.09344298364506,13.28158796284886,95.89922884214884,33.87945800845746,cruise
46,46,46.0,104.35714388974095,13.924674846193955,96.64653759959052,36.45590984918943,cruise
47,47,47.0,101.1179777438734,16.08518892658392,96.48519770337091,36.56853128224709,cruise
48,48,48.0,103.39456781535948,13.088749665197204,96.20728448597988,37.666949541213945,cruise
49,49,49.0,100.33789534744446,15.87502449723974,95.51459755152251,39.2706784167951,cruise
50,50,50.0,101.44559699344993,12.516488942243214,96.37942964266053,37.98757617311709,cruise
51,51,51.0,103.1564411291927,14.591862831122302,95.30356352709065,32.19728280755612,cruise
52,52,52.0,92.71422090072168,15.219295509148017,96.41531062702428,32.28939666027118,cruise
53,53,53.0,98.4016439182135,19.890260290117837,97.18447496732568,34.772685570620524,cruise
54,54,54.0,97.64813672853602,12.245368688959266,95.85890124896146,33.64647392828176,cruise
55,55,55.0,96.80561075878327,17.944029132980265,95.88714966342448,31.58501981911717,cruise
56,56,56.0,98.6242887438666,15.29968482797456,95.26908563106774,33.67492461748102,cruise
57,57,57.0,107.47470655617198,15.822343836031926,94.53032877489204,33.576461199142884,cruise
58,58,58.0,95.6708444215338,15.236695826776408,95.05399567384023,32.984456780716386,cruise
59,59,59.0,104.8413917729574,15.889453636390463,94.7288276547259,34.052631541534986,cruise
60,60,60.0,91.58565114192098,14.692629791275964,94.47169290698768,38.535352550955,cruise
61,61,61.0,98.32557485007112,17.908100362914915,95.97629508611294,35.59771412374772,cruise
62,62,62.0,100.81376532552504,14.087057711550557,95.17146629404792,42.41542722816641,cruise
63,63,63.0,102.9311116567964,17.264469144358497,95.14479874526197,35.51152455805895,cruise
64,64,64.0,103.55613289896428,13.711265759573957,94.72036369227676,34.12980267818824,cruise
65,65,65.0,103.96673617599964,14.879496307197426,94.70835925357308,35.012398647964595,cruise
66,66,66.0,98.25637463875782,12.856074895419562,95.19699005583438,35.76947593533062,cruise
67,67,67.0,97.68824103667716,15.91004744069504,94.61846607528705,36.30576187151319,cruise
68,68,68.0,104.28987940628576,17.890251913853067,94.81990152356693,41.23013397757707,cruise
69,69,69.0,99.04347837559192,14.845287640358292,94.37647232555196,32.464038605067294,cruise
70,70,70.0,93.6215683833104,14.60622860259218,94.22331794902836,37.5771381745332,cruise
71,71,71.0,94.3335639299826,12.770766073864149,93.61085723151338,35.623251792842375,cruise
72,72,72.0,95.40273856999194,14.541414692895383,93.24535970305068,30.28670677228815,cruise
73,73,73.0,102.48580372026882,11.814411480556943,94.02337320362096,37.31209634628429,cruise
74,74,74.0,100.71212868035282,13.174244026562343,94.10232242007068,38.80287068241172,cruise
75,75,75.0,103.45242677033885,15.453572092218272,93.3509289756396,32.42847078866771,cruise
76,76,76.0,97.86373676831732,17.638026395482793,93.8966764813966,34.973198396324086,cruise
77,77,77.0,100.79269845538356,20.618421722459004,93.86071011532908,29.82393721397689,cruise
78,78,78.0,103.12795196983669,13.826829829858198,92.67574975072408,31.22358062094699,cruise
79,79,79.0,98.4532673013988,17.87060031329088,93.21611134393392,38.14408873285176,cruise
80,80,80.0,102.28387618778706,15.487504960803296,93.79722554046133,33.6007504819777,cruise
81,81,81.0,96.69037029466676,14.697504706507248,93.70704287821138,31.67359107518588,cruise
82,82,82.0,98.18473076717464,15.865188903452305,92.85659597523356,35.68838109337529,cruise
83,83,83.0,98.09131053000836,15.12383296735992,93.43257737860324,33.43276270570693,cruise
84,84,84.0,94.0208017720548,15.220791451224438,93.78447688595352,33.58753502667339,cruise
85,85,85.0,102.43486240392792,14.18333367434666,93.58172967268864,37.21797807702471,cruise
86,86,86.0,97.6529882989864,12.203780680402298,93.06547021960615,31.51479992319696,cruise
87,87,87.0,100.06247059363844,11.912749594955836,92.79904487637089,32.283904361954505,cruise
88,88,88.0,102.40373329452954,16.306489766562454,92.63828071078572,35.462239976446604,cruise
89,89,89.0,102.23265588014972,14.446599819828574,93.1067827643277,37.90822937224462,cruise
90,90,90.0,103.32692554486393,13.807822200687667,92.89034477936424,38.714480904469546,cruise
91,91,91.0,99.50757257745288,15.017011253446308,93.0274147157638,33.00481483891513,cruise
92,92,92.0,97.88350843977923,16.589864505831255,92.69856953919322,37.81213090075895,cruise
93,93,93.0,99.601408945468,15.360727886052796,92.96193452772629,32.64757311958877,cruise
94,94,94.0,91.56332783020986,13.687890126718065,92.51976873895131,40.4786280407204,cruise
95,95,95.0,92.76443763788455,17.4525859112979,92.78473675045824,31.59868692374081,cruise
96,96,96.0,93.386501938228,18.158371005963264,92.74772369749564,38.9854364323752,cruise
97,97,97.0,95.0137658619926,15.989113310645706,91.82996891711984,33.03054167954383,cruise
98,98,98.0,101.9988711336172,16.94732702268818,91.24808012871678,41.0397393643838,cruise
99,99,99.0,95.4726047231997,17.483919993627623,92.84381850007937,36.773962186557455,cruise
100,100,100.0,98.10918722980306,17.26019863280903,92.12032135734812,31.951950411775336,cruise
101,101,101.0,106.49614148893032,16.22819835422525,91.05466896416384,33.43328456137248,cruise
102,102,102.0,98.21868014469288,16.196694094149766,91.47492208322248,37.34354361567122,cruise
103,103,103.0,103.68757784233544,16.039321146693005,92.13768889793668,38.15793325284668,cruise
104,104,104.0,95.33191159995062,12.805324650905913,91.53183325610524,34.78785322482661,cruise
105,105,105.0,98.97281221066186,16.40144631371917,91.33556088193204,35.1339748428904,cruise
106,106,106.0,95.24988972544708,12.288372057746892,92.211952441668,37.2750590979322,cruise
107,107,107.0,98.3048346204972,13.41080108974989,90.90778785823952,35.39539528103246,cruise
108,108,108.0,104.20154068728698,17.607130135616174,90.95227467247392,31.119485421984876,cruise
109,109,109.0,91.36339788403824,16.680440325388396,91.3769645087954,32.561077926079456,cruise
110,110,110.0,102.17211821772928,17.974796579371727,91.38641865721812,35.705359829455,cruise
111,111,111.0,101.1886780116614,14.456651232625417,91.35928262828148,38.64644724949308,cruise
112,112,112.0,97.02925022151602,12.695502317446463,91.48665005331551,39.84794727248615,cruise
113,113,113.0,92.76971072805772,14.519125605859314,91.05024026129172,37.33858826231435,cruise
114,114,114.0,100.36064753856937,15.20406259448115,91.11556284034008,35.86187228310909,cruise
115,115,115.0,97.352536454681,15.15797743268002,90.66118616113326,37.24644165794743,cruise
116,116,116.0,101.16338105677352,17.267360957513404,90.74205986232909,32.999747449379434,cruise
117,117,117.0,100.1092607276172,14.27745914999311,90.68439772065746,34.54030711922536,cruise
118,118,118.0,108.00889445660458,15.704068943605847,90.65809961846008,32.52760783598157,cruise
119,119,119.0,98.80322186263489,13.022745701130788,90.85674037426186,31.253772167876864,cruise
120,120,120.0,94.88251253689069,15.900634556087626,90.6679632313628,36.00064703490862,cruise
121,121,121.0,100.89637817478156,15.006217100371272,90.3324188117604,35.55653991975423,cruise
122,122,122.0,101.09998341985884,13.500373323430964,89.82566723775972,37.06295745352704,cruise
123,123,123.0,106.7959378762022,14.528341275650297,90.18398577918153,36.63833549267734,cruise
124,124,124.0,104.17555622957288,14.631648506969556,90.0560611776222,35.727932813971584,cruise
125,125,125.0,101.78435529574756,14.459689741325809,90.0865807798966,36.66984999703266,cruise
126,126,126.0,107.3165144560978,18.54268248453537,91.01317256348013,34.87195071131757,cruise
127,127,127.0,94.05618472838574,14.80310799538424,89.56794344055922,36.2386741856672,cruise
128,128,128.0,96.80124233625126,14.512207779645324,89.96089425931244,32.821566791940924,cruise
129,129,129.0,95.36712029297236,10.805098084779717,90.20390070329182,36.10911777691739,cruise
130,130,130.0,98.05095098422116,13.211585296041044,89.63859054663928,37.00525305585803,cruise
131,131,131.0,93.11656926221846,14.473853151087294,90.6784320690956,32.99095571578339,cruise
132,132,132.0,103.17575473407202,13.628294647646715,89.24040978356369,35.15549629697854,cruise
133,133,133.0,98.88888651450614,17.763415186755594,89.51139396050938,33.12919247111192,cruise
134,134,134.0,92.64596852748672,14.670124449207565,88.86986639682279,33.420479910451654,cruise
135,135,135.0,94.92210459396227,17.576888498636507,89.01342682161754,31.62521193469353,cruise
136,136,136.0,101.56756923725098,15.123409268100737,89.23357606430744,38.79732477549967,cruise
137,137,137.0,104.1906328394719,15.074455672843154,89.4521810601829,38.19705552416014,cruise
138,138,138.0,109.98365445845891,14.822407104574998,89.10849636596075,36.61230156268201,cruise
139,139,139.0,114.56931233003664,15.007592503242918,89.49842629353624,40.916587855831445,high_altitude
140,140,140.0,102.07204716638,18.43759000609972,88.74130613349246,34.432262910294824,cruise
141,141,141.0,95.05230939984068,10.360778546497563,88.54262444378921,44.0952872453319,cruise
142,142,142.0,89.33976859634345,10.996908511122642,89.98062118226832,34.31741175391034,cruise
143,143,143.0,101.3385573117192,13.913658337887773,88.74566737326957,35.765580055268046,cruise
144,144,144.0,95.93529452344836,15.029055763875135,88.1087276954792,33.806666258179376,cruise
145,145,145.0,97.92321369910158,16.380208849528024,88.04125650726436,36.11697668018091,cruise
146,146,146.0,96.93951600470096,15.94617439605495,87.83696835104264,37.506844783658735,cruise
147,147,147.0,99.29604556791809,14.23150817423886,88.69651290615663,34.65825082084075,cruise
148,148,148.0,105.32990115393822,17.038087386483525,87.96595950170153,40.33015954135286,cruise
149,149,149.0,100.78524283722672,17.060390806305463,88.13174930589632,35.71744785390038,cruise
150,150,150.0,99.20682581480656,15.368115662543133,87.95623365076885,35.8114561583306,cruise
151,151,151.0,94.82173123587094,16.925315144973684,88.27365411187839,32.27300691645885,cruise
152,152,152.0,91.6265852764782,15.545290526864257,87.40445578138582,36.25549722365116,cruise
153,153,153.0,97.56846045463334,13.877033946434231,87.20996160467624,34.597918337571905,cruise
154,154,154.0,99.7310872459084,16.39563367800001,87.77981632125847,33.17528081198814,cruise
155,155,155.0,108.8396495678994,15.221226245157355,87.88806722993755,32.670576775554906,cruise
156,156,156.0,100.65137260736444,15.002679693508972,87.67377366405633,43.01529013927006,cruise
157,157,157.0,104.91369755511528,17.94590714437915,87.02270056287877,34.20956824946289,cruise
158,158,158.0,97.50352200730424,10.098255742919829,87.68608976839305,30.6290437376562,cruise
159,159,159.0,94.07528116791488,12.16463165968086,86.89533680371946,32.90533562080228,cruise
160,160,160.0,95.17441618883814,12.62585914725126,86.926417864794,34.84529648157136,cruise
161,161,161.0,96.37386967732124,14.273478704862388,86.63513034474612,36.640001097849456,cruise
162,162,162.0,110.64234866217582,14.49078366046794,87.67760620135304,36.66438956517594,high_altitude
163,163,163.0,95.89306660387808,11.985348704453903,87.26365771746063,37.02984365532958,cruise
164,164,164.0,104.19244601868172,13.029683935378348,87.16936355470631,33.06541908008801,cruise
165,165,165.0,95.48536410956488,13.27831664295286,87.41039249735802,36.021321330504634,cruise
166,166,166.0,104.65786506437122,19.914848184151783,88.11303133082608,32.37182160766827,cruise
167,167,167.0,101.92475483052932,18.603483895494293,85.77201357467155,33.14107105095796,cruise
168,168,168.0,99.21681051170955,14.176501164630702,86.177358256108,32.24687307649922,cruise
169,169,169.0,99.79618736932284,14.2728334193864,86.1583789243792,31.434833436205192,cruise
170,170,170.0,96.72606152285304,12.70159200562341,85.96097657519505,38.19262846657403,cruise
171,171,171.0,102.2303610074104,11.183739173549466,85.76751468250445,37.06583510293666,cruise
172,172,172.0,97.7250825982961,14.766239627182951,86.07639969419854,37.92999610993439,cruise
173,173,173.0,93.87197118116376,13.004296033511949,85.53784428850145,35.11793919807289,cruise
174,174,174.0,93.6103121284019,14.83029893667598,86.23358724983478,37.33042309659544,cruise
175,175,175.0,100.8629395886106,11.799588301913046,86.01183514670029,29.716131786072367,cruise
176,176,176.0,107.89545628205218,13.476051083379485,86.14642023828773,37.58926255413606,cruise
177,177,177.0,100.7999580678672,15.297254190605662,86.07969005164496,35.53135949001509,cruise
178,178,178.0,99.4068083694506,15.732419195567877,86.04724917245909,36.8813288004475,cruise
179,179,179.0,101.42913069801271,15.83494391748403,85.47896119725372,36.14006989714584,cruise
180,180,180.0,106.53000870853413,12.359022031685925,86.64615728690242,32.03883453638934,cruise
181,181,181.0,101.09691250681928,16.70937146027112,85.62272106374655,30.50588067382686,cruise
182,182,182.0,97.94536384583132,13.3995766067963,84.49418304911303,32.86383750145111,cruise
183,183,183.0,105.53144355029944,16.265715829214614,84.84415747246224,36.694751843818736,cruise
184,184,184.0,102.14378219230808,14.978722646763616,84.39501377075136,37.070274245526186,cruise
185,185,185.0,107.67877995997996,12.247225001844104,85.19385249976085,30.89617316785441,cruise
186,186,186.0,100.91617218610952,14.367604590837624,85.04420249307844,32.05670189759535,cruise
187,187,187.0,93.8776548413975,15.730727484127534,84.7908121760753,32.83029294217748,cruise
188,188,188.0,93.15920400377168,16.225930760949197,85.9504080011452,33.928084819199555,cruise
189,189,189.0,108.25463966115623,14.718024205111163,85.13935630190332,30.913847507442043,cruise
190,190,190.0,108.61832860391648,18.063557781202107,85.14783396550796,30.733844701579603,cruise
191,191,191.0,99.102403933587,17.01502154197312,84.23916796073365,32.53449411077734,cruise
192,192,192.0,98.08406339432004,14.486691767200494,84.12505217895912,35.258761508675015,cruise
193,193,193.0,107.307221461211,16.50024362427389,84.56294729409302,31.45821698073953,cruise
194,194,194.0,94.46477158978256,18.86758697037637,84.55096803429058,34.6525894700847,cruise
195,195,195.0,95.52636490522087,18.92096920156605,83.45622860082716,38.175658448425445,cruise
196,196,196.0,103.21663397344524,12.544000238355006,84.21415079287954,31.09466078775947,cruise
197,197,197.0,98.02697438570203,13.1469337776857,84.23126026566098,34.380662724768385,cruise
198,198,198.0,99.97439066639964,17.9698375734677,84.03656956125859,38.07427020125232,cruise
199,199,199.0,99.18278550737745,12.883437898324726,83.65736885789073,33.74519482890857,cruise
200,200,200.0,101.68787274399467,12.354917733416642,83.71421639302342,33.27899092742474,cruise
201,201,201.0,107.03740930656858,14.027611738601909,83.81547430711751,38.490487442919424,cruise
202,202,202.0,100.45292453450872,15.84045341894917,83.86922383562886,34.08139376308536,cruise
203,203,203.0,103.21969396638428,14.795206586777809,84.04613953501904,38.313485075616704,cruise
204,204,204.0,89.74913949484488,13.698872759188816,84.2040917661391,36.2868961733816,cruise
205,205,205.0,99.75640799034942,13.651575076550982,83.43640972181997,33.97146604127049,cruise
206,206,206.0,95.78384864853564,13.575325871174584,83.27542540544583,36.43907159179259,cruise
207,207,207.0,93.90593469788186,13.240980742682115,83.64225126019058,35.961348541538115,cruise
208,208,208.0,95.60923816535625,19.563265754552123,83.64876580154878,38.06264846300742,cruise
209,209,209.0,98.32938279649592,15.59502214237111,83.04616304663382,33.35496338640495,cruise
210,210,210.0,104.57951271178008,16.773518108809476,83.57837992166627,35.12361820034486,cruise
211,211,211.0,93.3680364113022,14.021845063762152,83.5928957736811,34.81545296118609,cruise
212,212,212.0,100.15315746297208,14.628086645627905,83.66886625585236,37.11244442491935,cruise
213,213,213.0,97.5791528333321,13.57289203725929,83.83210339630286,31.924462416667478,cruise
214,214,214.0,98.3616345281902,9.696583330161596,82.42965479353315,38.050931144713566,cruise
215,215,215.0,105.01378912652302,12.243981446304268,82.78973188744905,36.39898631651125,cruise
216,216,216.0,102.69057718501963,11.378762640039213,82.70834155101204,31.04922477910116,cruise
217,217,217.0,106.68699053721372,10.500432444096784,82.57358583835638,38.6247884764415,cruise
218,218,218.0,99.2274716037505,12.609282051403795,82.21791108273749,41.7022792423932,cruise
219,219,219.0,96.52028694164648,17.649911358763262,81.71968146084693,38.00550190864822,cruise
220,220,220.0,98.8807059155975,14.911127664591293,82.42872210539689,39.28095430167941,cruise
221,221,221.0,101.21248395635612,17.581127524642348,81.91812447252835,35.25611414480777,cruise
222,222,222.0,100.88286679226856,15.82196515380175,82.26521896259604,30.01548524078447,cruise
223,223,223.0,94.57805963883315,16.56511765143032,81.74512037129273,29.467638646497427,cruise
224,224,224.0,100.45244890813936,13.19820600939085,81.5122328891399,35.76524613160328,cruise
225,225,225.0,101.14114165069452,16.04790190838534,82.09913116217044,33.22406357681006,cruise
226,226,226.0,112.5873701876696,16.45742846814869,81.97736266530515,32.25627116501795,high_altitude
227,227,227.0,109.38422305640836,13.846705415532616,82.1114628074823,34.81175994809397,cruise
228,228,228.0,95.7337832472059,16.11908074123233,82.83467362495055,36.846755863583866,cruise
229,229,229.0,98.56308319225413,16.132375517149665,81.80030642726709,30.64172735971356,cruise
230,230,230.0,92.68278999081498,13.900894757739836,81.82412246511365,33.653367139158846,cruise
231,231,231.0,97.04646493018257,12.75446313545801,80.96272083706785,39.52961204936095,cruise
232,232,232.0,101.5780250179517,12.631743336203456,80.77796770115324,31.77413485933588,cruise
233,233,233.0,106.02926810444116,15.173011083842924,82.13275606472801,37.60928356149487,cruise
234,234,234.0,96.35458081128196,15.65401973757863,80.79952137129462,33.54580771535302,cruise
235,235,235.0,96.72926779966102,13.414948339084171,80.65920914544687,36.63738127954986,cruise
236,236,236.0,89.26355485130672,15.053170682652198,81.08155164049283,38.2919825216086,cruise
237,237,237.0,99.18667039727546,16.14107407227697,80.97592481433233,37.22384530095506,cruise
238,238,238.0,94.68792794070218,16.236381429330603,80.4896876877193,37.72747880664163,cruise
239,239,239.0,97.35280286316964,18.103760240244977,80.70837425150432,31.54521939977613,cruise
240,240,240.0,95.61569610916206,17.553961664396088,81.39546863960584,38.3409791202239,cruise
241,241,241.0,99.5286872287372,12.997417134486913,80.29770389628482,32.44192065609554,cruise
242,242,242.0,91.21135804321683,18.367172419076045,79.92378437843755,35.778625296714615,cruise
243,243,243.0,92.66477377304504,13.938046990888571,81.01183735099045,35.77473856099168,cruise
244,244,244.0,110.64623556014148,17.089745624908854,80.70660891642949,36.455367676608745,high_altitude
245,245,245.0,93.56288709362984,15.135973252102175,80.07012107005606,36.01087002818057,cruise
246,246,246.0,94.5160721077268,14.175701243086063,79.50921679223684,32.46857006442583,cruise
247,247,247.0,109.18456764160658,11.384606280450134,79.84790854200095,30.950397763112854,cruise
248,248,248.0,114.52533584620204,14.656870979567303,80.11278792171551,37.61704603988531,high_altitude
249,249,249.0,94.14216685587328,11.881233529388782,80.64289610500198,35.55750373255675,cruise
250,250,250.0,98.15875521605984,16.934598471685543,79.46168899254516,38.448130522873456,cruise
251,251,251.0,101.70777775470256,18.033585314278497,79.85763995914417,34.8658011974364,cruise
252,252,252.0,108.64348822202795,13.40617802140662,80.15739214976728,30.78450691796912,cruise
253,253,253.0,95.0657146078588,15.603941485038542,78.54910606967879,37.89838904301232,cruise
254,254,254.0,98.77361077028944,13.549216955984049,80.17655274362912,33.88888817101668,cruise
255,255,255.0,103.88668788030871,13.74303053972642,78.98835429347636,36.026010372263066,cruise
256,256,256.0,102.1738303723331,16.548989407730744,79.66549724622797,33.05762171456144,cruise
257,257,257.0,98.1192196438495,14.922923476313176,79.54276099422479,39.93290513070107,cruise
258,258,258.0,99.3308851774198,18.479296083862025,79.88163253507128,32.37030552745041,cruise
259,259,259.0,93.12552095815008,14.03553504259416,79.53472144970604,33.987710737681475,cruise
260,260,260.0,98.80913128012668,16.998672664948977,77.9905339333142,35.32234610809195,cruise
261,261,261.0,98.66806254995522,15.194826825915564,78.70670947552111,31.723453018739125,cruise
262,262,262.0,101.16084944813127,16.591556019488465,79.08812158369567,35.99155858576279,cruise
263,263,263.0,97.22336390590492,14.105684685340108,78.84144899587905,39.83573143240247,cruise
264,264,264.0,102.3576926127257,14.900882324896834,79.09766422373725,33.52861351791887,cruise
265,265,265.0,105.06357908909914,14.76900224140213,79.17346205661364,36.18542845709518,cruise
266,266,266.0,100.77714663834232,13.327885770308423,79.00292456691355,26.75169384188433,cruise
267,267,267.0,101.758782041996,16.324163069163504,78.5114811473414,34.88321239854548,cruise
268,268,268.0,100.26577673788934,16.30049801115673,77.6153700329783,34.06087314222138,cruise
269,269,269.0,100.00042196545706,16.187109389811134,78.23071783403105,32.54450719276885,cruise
270,270,270.0,96.39220983228576,18.073931307835288,78.58656245244786,38.2443514088856,cruise
271,271,271.0,101.58247130836654,17.898689602472608,77.75307467202306,34.02126895512851,cruise
272,272,272.0,99.51356700793256,14.25011062030173,78.53385558327902,34.46756753871924,cruise
273,273,273.0,110.46584154465296,15.746104636868356,78.5923347867718,33.868421375632785,high_altitude
274,274,274.0,107.8667745123762,13.752798621483574,78.12149154620599,29.24955238470477,cruise
275,275,275.0,101.9292327627825,15.04671063222911,76.44608804482179,31.60404067976912,cruise
276,276,276.0,96.18471395152616,13.80050110176227,77.258853716542,37.88328045836065,cruise
277,277,277.0,94.43794264008292,18.2401406182721,78.76091239709586,28.670148059360084,cruise
278,278,278.0,105.95571476544433,15.727396300685925,77.46446884122355,32.701053951152886,cruise
279,279,279.0,101.31374612573568,14.563941743791156,76.66558604609317,33.80083983113071,cruise
280,280,280.0,102.40071701695804,17.387237143712753,78.19520127173273,40.2308656018747,cruise
281,281,281.0,91.27707006512904,10.658769180409177,77.50417529326934,37.305811296489104,cruise
282,282,282.0,104.6371924077909,10.97179481026942,77.9698876618963,33.3284884188407,cruise
283,283,283.0,102.2721016910718,16.591677310439547,77.47581667494703,38.91354109134665,cruise
284,284,284.0,94.4478465779276,15.120936896234737,77.48653682536334,32.778452538496644,cruise
285,285,285.0,97.64237596275024,15.50089260052152,77.35868180103445,38.027299411202016,cruise
286,286,286.0,101.3185860217826,12.347207793362902,77.44584125305761,30.92336826223095,cruise
287,287,287.0,100.26233399178122,14.953532578299267,78.15573224129507,38.21977349536747,cruise
288,288,288.0,98.53914407098225,19.007018820802685,77.42244010491653,33.781599063587045,cruise
289,289,289.0,99.4825586596702,16.648399239591726,76.0666871979341,31.914487277176192,cruise
290,290,290.0,98.74011310896556,15.339413090285625,77.00010753441623,34.348569160771056,cruise
291,291,291.0,100.76281256051234,14.121892179790123,77.26743708074831,35.83203253916064,cruise
292,292,292.0,107.3574598649658,14.210854296261212,77.2179670198847,33.51575470842286,cruise
293,293,293.0,87.16670779534351,10.741604221599964,76.323234045007,36.66186051798597,cruise
294,294,294.0,98.81574867745158,15.51528084184232,77.03892867905053,33.2510183490078,cruise
295,295,295.0,100.88256210686224,16.69096621696371,76.84024757615198,36.86111718179407,cruise
296,296,296.0,101.4799699484355,11.848761345658769,77.58255501478116,36.3266661861098,cruise
297,297,297.0,98.14042709339355,13.677166215386368,75.84121534809196,34.817230835876195,cruise
298,298,298.0,91.2163910876071,12.685070735533156,75.88243584793594,33.67585306290215,cruise
299,299,299.0,101.63997741857057,13.069297610382472,75.90299653182609,35.4546223872958,cruise
300,300,300.0,108.63675107082092,15.1069632536438,75.7308649009566,36.6507612291011,cruise
301,301,301.0,92.33069297541932,10.831195690023051,75.4508855210141,41.18539745819483,cruise
302,302,302.0,104.31914006849094,16.228540876714128,74.43447806297895,37.81826126539454,cruise
303,303,303.0,98.35737388438552,16.507710139867363,75.51838599887418,37.92796984944752,cruise
304,304,304.0,99.69337827085576,14.497794823926174,75.84033468550561,44.26553658458085,cruise
305,305,305.0,94.73550744648026,10.038582980030917,75.32896465282263,36.547875430303534,cruise
306,306,306.0,98.32771913822062,13.00716274799522,76.46318608726006,36.45393053393511,cruise
307,307,307.0,106.5002229734948,17.46580386820539,75.42210332177335,37.112045222964966,cruise
308,308,308.0,102.91327620993852,9.444011438542857,75.98084986292741,31.97310206723524,cruise
309,309,309.0,108.66155802704972,14.304953175612962,75.38596546162024,33.66829509074373,cruise
310,310,310.0,105.88705944488846,12.63999844306548,75.58837883012181,33.481492199923,cruise
311,311,311.0,102.19543339464788,16.609140603169674,75.23471587206188,36.94284193165869,cruise
312,312,312.0,108.71967263083896,13.649772095713075,75.6994073309668,34.4774763133364,cruise
313,313,313.0,102.1949657936915,15.807908041471222,74.96290461000115,35.41467027642291,cruise
314,314,314.0,104.13994088398528,16.130920838338184,75.10291520889926,38.26236386044539,cruise
315,315,315.0,98.51714523232646,18.67245167946004,74.95794124159981,37.58945221611242,cruise
316,316,316.0,100.33272907929604,14.59411611264926,74.55055196563104,34.51483699087626,cruise
317,317,317.0,96.5128808834986,15.752088739245222,74.81710577407696,32.99001470936533,cruise
318,318,318.0,104.94791967297428,12.029889041745127,75.65172765763339,38.40582419495957,cruise
319,319,319.0,94.10848188442569,17.380827126587487,74.31925598340675,37.3216735427296,cruise
320,320,320.0,103.9117517120883,13.47898230385727,74.58410682080101,30.18122954511385,cruise
321,321,321.0,99.0467447124742,13.87849167182451,74.92318376972901,34.06053818327516,cruise
322,322,322.0,105.8562354673366,14.95550441030158,74.78434085468635,35.496546386050284,cruise
323,323,323.0,103.75434494365628,11.8742313093203,74.1399923429938,37.3364891513631,cruise
324,324,324.0,109.103230788234,15.457540057857877,72.86235970257536,37.730304484819314,cruise
325,325,325.0,103.65387345569324,16.93493254585002,74.2323253832982,35.85171800352642,cruise
326,326,326.0,92.1397987217338,15.585867646994584,72.78415676458236,36.755742594076565,cruise
327,327,327.0,99.665234135509,11.82220487164255,74.54878242928443,35.19241040713446,cruise
328,328,328.0,94.13996403702592,14.75238141134068,73.81847066933035,32.97844493545832,cruise
329,329,329.0,97.40860078816864,16.484057805958983,74.15349066358964,34.21620682687624,cruise
330,330,330.0,107.5561421663836,11.244022468068184,73.12251800448304,35.05697355992032,cruise
331,331,331.0,103.18766905448848,12.850467972364571,72.71723975684345,34.89596224994423,cruise
332,332,332.0,96.50534785710629,16.75308720816304,73.54379060548399,29.343281286669587,cruise
333,333,333.0,94.931413167798,15.540190868394571,73.31653161335525,33.80754999521171,cruise
334,334,334.0,100.1639104643813,15.823943164253508,73.00748284017466,35.16861695926745,cruise
335,335,335.0,93.91719925309437,18.718989615246624,73.21550381353956,34.1558900242829,cruise
336,336,336.0,96.6442986130171,15.937105557012403,74.47681103910922,34.25952861346524,cruise
337,337,337.0,101.56004735775622,16.31577602086636,73.43027578669754,36.463974112413766,cruise
338,338,338.0,105.77656018053348,20.42149105443665,73.45768223586458,31.7631284388541,cruise
339,339,339.0,103.0438073611222,14.572390883819018,73.27482129862953,30.115873358146366,cruise
340,340,340.0,88.5435524570095,13.40423447276301,73.51250384469887,33.95549062748997,cruise
341,341,341.0,101.5218336451513,15.855592796494266,72.59765685624231,37.29234321650537,cruise
342,342,342.0,100.3601678661629,15.87798205877779,71.58523195877495,40.06265911845992,cruise
343,343,343.0,102.06945142686348,13.946569216107584,72.43823946602953,37.346384717284224,cruise
344,344,344.0,108.08104840825604,12.935205960890304,72.8583203074507,30.595208720393455,cruise
345,345,345.0,89.68380861597629,19.61968884418016,71.88747217481483,34.30289828186969,cruise
346,346,346.0,97.04448287404448,15.653686940776046,72.20410931704762,35.76990314324459,cruise
347,347,347.0,102.95453161396678,13.53542923719585,71.86632734071105,35.532773350770775,cruise
348,348,348.0,92.09202800273027,16.831860604559196,72.8831467580537,36.61791365882862,cruise
349,349,349.0,107.37974524026754,14.78170969687733,72.42678055975533,32.24885316061772,cruise
350,350,350.0,101.84178306350329,14.494237107364338,72.29774228229395,35.19482926265223,cruise
351,351,351.0,104.23291992921702,16.124545743828985,72.20269254845238,36.260968489328384,cruise
352,352,352.0,97.14528169239102,12.41623546353662,71.79318718553574,37.47701285991098,cruise
353,353,353.0,104.06881844983106,15.705254407834344,71.83050987299548,32.582845500161625,cruise
354,354,354.0,105.3423577799452,18.825909615463505,71.0590593613855,33.9645293982713,cruise
355,355,355.0,101.16439010068584,15.93235532439462,70.47835058219628,26.88854695977998,cruise
356,356,356.0,101.17200446349348,14.247575792433071,71.566532056664,33.135614097266675,cruise
357,357,357.0,101.35171619640865,13.985789439143517,71.57340653954748,33.42675532108687,cruise
358,358,358.0,95.68327367630307,14.179320053309782,71.93596361554401,31.94124647549767,cruise
359,359,359.0,99.26235659879823,14.492074643904438,72.03691915929244,35.496836450697955,cruise
360,360,360.0,99.2373873377382,14.244386934483456,71.95617041367063,34.8321637038642,cruise
361,361,361.0,101.91696932176748,16.832622882149135,70.59207929444415,28.22235836726717,cruise
362,362,362.0,104.99912123455148,11.533581793582034,70.83487849353612,35.64652390790527,cruise
363,363,363.0,94.70731959010796,16.724000100824266,71.17109807887162,32.21502760763292,cruise
364,364,364.0,99.37495484840213,14.240626949714878,72.11680318972194,36.45706687757155,cruise
365,365,365.0,107.40727773829488,15.753895571390744,71.51082037262772,31.154446256814005,cruise
366,366,366.0,96.28205885593718,12.746024179598272,71.25038927168988,35.09001961559282,cruise
367,367,367.0,95.8887499135484,17.65726213369887,70.41671663283596,34.15051001334048,cruise
368,368,368.0,101.01153095915596,17.491269920343747,70.08893071495297,35.90930565485099,cruise
369,369,369.0,104.2219259524266,16.919181051500146,70.84490439214207,35.37409183295404,cruise
370,370,370.0,100.0571302778033,11.97049044841292,69.82003973825319,34.23450747493564,cruise
371,371,371.0,106.64480295218496,16.658242142132107,70.17107211480014,30.391183057867263,cruise
372,372,372.0,104.28396991283265,15.809710175271418,70.15282123570924,30.568376109616903,cruise
373,373,373.0,104.20910033445033,11.789457505734864,70.92658617469154,33.24833918272334,cruise
374,374,374.0,102.77058250662049,14.951405232458368,69.87270139857021,34.97516034821124,cruise
375,375,375.0,111.63826550173044,15.729068978066524,68.75034515068366,33.17525615840265,high_altitude
376,376,376.0,98.97419155566978,16.1121505476463,70.14211221372112,36.8756357917384,cruise
377,377,377.0,89.98238853966743,15.354522733897712,69.46029888325785,34.16233724236495,cruise
378,378,378.0,108.0212718075857,15.58246283369476,69.7510452419486,32.10496182566147,cruise
379,379,379.0,97.71150284521588,17.94722278450619,69.60629729922859,34.165711121036274,cruise
380,380,380.0,100.53940222171516,17.45206781982136,69.43271757166069,35.677579508949655,cruise
381,381,381.0,106.54775342430264,9.265890092434514,69.88465978038184,35.974654156473754,cruise
382,382,382.0,91.98870229470538,14.365122890324637,68.64297697023305,40.635137395979385,cruise
383,383,383.0,93.7417639294693,14.670697944912098,69.07082221685215,32.99327197998974,cruise
384,384,384.0,91.99361031440571,11.495802854546058,69.59126820580794,34.7795640152288,cruise
385,385,385.0,96.02931854987288,15.188366116464625,68.86212678149698,36.27837184045828,cruise
386,386,386.0,102.19818303008496,17.497515544821013,68.2846857344541,34.92973112239756,cruise
387,387,387.0,102.62093921406384,12.82686428081882,69.34328668063738,33.49814556203404,cruise
388,388,388.0,101.38137089664276,15.672801877379744,69.49047624414969,30.35222847096727,cruise
389,389,389.0,92.93617058053816,13.168353045407123,68.82635124502734,33.46749632284095,cruise
390,390,390.0,88.44948281683678,13.656175952640648,67.78834596953399,31.7788927618466,cruise
391,391,391.0,100.27176792695192,17.95478726834007,69.0416735620381,29.820179956628664,cruise
392,392,392.0,97.64111983180833,13.91488435977635,67.77866466789877,32.61296347498824,cruise
393,393,393.0,102.29692885858306,15.92442497802125,68.6829281669526,31.858724837700635,cruise
394,394,394.0,103.50976813110636,11.257563767878024,68.00471653607737,36.75135963587884,cruise
395,395,395.0,100.69120716029342,18.72463512278976,67.78844872548488,36.80327551224288,cruise
396,396,396.0,103.80066542687926,16.205304892612997,68.06733327974844,32.28836213125737,cruise
397,397,397.0,101.14605687057534,14.635000314699475,68.11655942999458,34.219314108310634,cruise
398,398,398.0,102.65032352800732,16.151093019999788,67.8060240029349,29.425272013662397,cruise
399,399,399.0,96.47663368565058,12.18036114210438,68.34239968715562,33.51698014945192,cruise
400,400,400.0,99.10194293084272,17.365061483505315,67.74493327873854,36.19694570210704,cruise
401,401,401.0,100.9838804832848,14.35203044900714,68.3779833237238,37.47481366884231,cruise
402,402,402.0,104.1026423770871,14.59186096990313,67.94839439062955,32.860858754926056,cruise
403,403,403.0,98.03129413887714,14.016688770069033,67.37894912442957,38.15556458158256,cruise
404,404,404.0,102.60583627866056,13.83869719450883,67.2146777057315,30.452924235459584,cruise
405,405,405.0,98.6708060404231,16.389341223256817,66.74381941804384,31.257116602568622,cruise
406,406,406.0,99.41228916335936,15.511813700208446,67.6328540764209,37.12898559691363,cruise
407,407,407.0,104.14759521012036,16.30349628280608,67.23011363378173,40.01336368568974,cruise
408,408,408.0,90.03469814472922,14.982410621028857,66.14122956329557,36.48029596455109,cruise
409,409,409.0,93.5176383596262,16.02639962215436,66.97938981086254,34.878972840397964,cruise
410,410,410.0,92.58907301278587,14.162302512149925,66.71665015253969,28.414448760433373,cruise
411,411,411.0,88.33191940075848,19.4594636828191,67.87492588317241,28.93265883186956,cruise
412,412,412.0,96.60867779922413,11.864139167139005,66.15561770106035,35.388228610687605,cruise
413,413,413.0,103.7471694986387,17.52187464712597,66.20625152705989,33.92581199128648,cruise
414,414,414.0,98.57557966808712,17.73581490144194,67.4018316683997,31.682494453543647,cruise
415,415,415.0,100.98895040970926,13.295682388068812,67.44514834549875,35.196597742490155,cruise
416,416,416.0,105.44608748355397,19.458547221111942,66.31419521732386,35.34539410252343,cruise
417,417,417.0,106.63843066133846,16.990980565890638,66.29056369520215,37.83324760562082,cruise
418,418,418.0,99.6543103263693,16.942278013645822,66.83464422480318,35.409806849038105,cruise
419,419,419.0,106.76792944784698,15.056044374051751,65.28289654797379,38.68518310500316,cruise
420,420,420.0,100.46063329217054,14.565547683562649,65.43576952411358,35.02398208864644,cruise
421,421,421.0,95.8130088808627,14.581182345920784,66.14591958586092,34.65399501557799,cruise
422,422,422.0,97.02799823900632,15.781061192639037,66.98115148927077,38.19293655874155,cruise
423,423,423.0,92.59731743717492,17.802372550067794,65.90826108204276,32.064677359875695,cruise
424,424,424.0,95.55933073133174,15.36262843572284,66.09651444191363,43.443342359798486,cruise
425,425,425.0,98.20991655962786,13.17711275372542,66.53286060224796,36.125772434500206,cruise
426,426,426.0,104.017925096893,16.648854124769958,66.93932825252496,36.14248775851302,cruise
427,427,427.0,108.60384915582992,16.842301492789584,65.51738156923165,36.57528792191779,cruise
428,428,428.0,93.0890924231148,16.30931905689557,65.717307363859,40.63140942599493,cruise
429,429,429.0,101.9641373412996,16.490997813049965,66.55667325631707,37.37752223501782,cruise
430,430,430.0,94.79728030421232,14.458143739684385,64.80446592796984,30.184832062988228,cruise
431,431,431.0,102.373485442316,13.142021665738842,65.9992760207624,39.21041115430251,cruise
432,432,432.0,99.34456674656136,13.26361313871844,64.89624763922477,33.97731026166495,cruise
433,433,433.0,90.84547087076234,11.729073503084283,65.3765615088769,35.32146521851797,cruise
434,434,434.0,104.64148495784242,15.4738972230919,65.12393572154511,31.1622380834742,cruise
435,435,435.0,96.97499643595634,14.833102433546811,64.68615936481454,36.57860605437169,cruise
436,436,436.0,97.33049880813223,14.120024590940584,64.59353412125594,33.04587712979735,cruise
437,437,437.0,94.65123794355156,9.08876235130986,65.14321218713188,35.30050891398042,cruise
438,438,438.0,96.72858361656222,12.505365060611664,65.42269458900627,34.147702983917654,cruise
439,439,439.0,102.1394522034746,17.241681302806334,64.77997674325059,40.77503840520755,cruise
440,440,440.0,99.05377829531795,13.670747999873738,64.79982134413137,40.94678090043677,cruise
441,441,441.0,101.6433100114124,15.721183355313682,64.9702717178302,35.13953951064423,cruise
442,442,442.0,101.8096092696442,12.218629140049488,64.11879521809813,35.19193313410656,cruise
443,443,443.0,106.60330827764083,17.87741096471846,64.89437077873099,33.879671100951455,cruise
444,444,444.0,98.2860692456781,14.711944679890648,64.85411599297431,38.31801887450836,cruise
445,445,445.0,92.61571091577134,15.58008079296707,65.66617751373957,34.01324038899987,cruise
446,446,446.0,105.33611208285993,19.65155958376337,64.0962321890045,33.735988176062904,cruise
447,447,447.0,98.34255913951372,18.03288020117881,63.97516330337014,37.93577859099489,cruise
448,448,448.0,105.57296222288689,14.386868757425884,64.508607059911,33.38510271405005,cruise
449,449,449.0,101.91688556591237,13.81355963025928,64.45359612850011,34.88673489665441,cruise
450,450,450.0,99.34431234898328,14.348909976960936,63.69642038727561,30.25606765546702,cruise
451,451,451.0,101.74387947023148,16.01979649695307,63.68230254541886,37.1125710353695,cruise
452,452,452.0,109.75506280063148,14.789551731498255,64.07436922291282,40.822600817545606,cruise
453,453,453.0,110.38490264526877,14.209511709993055,63.30993160335639,37.16367611839937,high_altitude
454,454,454.0,100.34690567566388,17.934362501418086,63.43837664963613,39.38539750264192,cruise
455,455,455.0,100.80095296658536,14.771580216444326,63.60835994724778,32.461693591468006,cruise
456,456,456.0,105.38120078733192,19.59917818607464,63.98145282589461,35.7089728460846,cruise
457,457,457.0,95.77169483616326,15.181485127504343,63.10110409531363,32.17052022689183,cruise
458,458,458.0,101.66535186309127,18.570636788449452,62.40213109230799,34.31670336325597,cruise
459,459,459.0,99.87068576023071,15.714638845421254,62.28494450948413,37.31663443205751,cruise
460,460,460.0,101.56954105728776,16.925921146498897,62.5334566298101,35.3054618393099,cruise
461,461,461.0,95.83315597025296,13.55077789696455,62.42649922398312,30.762076932196337,cruise
462,462,462.0,92.05216253345516,13.292481554825176,62.92569762369305,31.05491268338674,cruise
463,463,463.0,89.63508282004354,15.919411910029975,62.32848284612412,30.85650820552768,cruise
464,464,464.0,94.41307943505196,16.97710648493063,62.49146536293224,36.47435776981877,cruise
465,465,465.0,97.70662357530334,15.080513004000926,62.37571982027174,41.19168360697,cruise
466,466,466.0,98.5340420667562,12.427213329832606,62.46242875225869,39.08737473200064,cruise
467,467,467.0,109.6861558121476,12.279483267421346,63.26385476836416,29.312044402561806,cruise
468,468,468.0,105.52996684953648,12.14572719562752,62.85349631723778,39.26322781420935,cruise
469,469,469.0,95.18954441829186,11.464755774121238,62.45050715008044,37.809201251043945,cruise
470,470,470.0,101.73854226225478,15.218970718894177,62.13184922207194,30.364100163413728,cruise
471,471,471.0,97.96460881824838,17.25008784341605,62.06566595397077,34.090395149868506,cruise
472,472,472.0,98.57818080979952,14.973168426150382,62.366075437178175,38.28656723448743,cruise
473,473,473.0,100.9266282470769,10.479170485324296,62.41420665879826,36.65130053280436,cruise
474,474,474.0,103.09585558487696,14.618479079330903,61.58823328899174,31.07271484283604,cruise
475,475,475.0,98.30370758057992,14.674402006734786,61.98020233976908,36.83222646738858,cruise
476,476,476.0,105.3192576636718,19.19199750045088,60.866072097550365,28.58749821175824,cruise
477,477,477.0,94.29030886928798,12.085724174160887,61.9076586938871,34.33153347272837,cruise
478,478,478.0,100.03169531181136,14.218644794801609,62.10279634270106,38.41387030820015,cruise
479,479,479.0,112.98836863297916,18.41170536108913,61.5016073282012,35.05518264671396,high_altitude
480,480,480.0,101.11539871312638,15.899956682693096,62.46982505963162,33.50318735011416,cruise
481,481,481.0,107.16607253303088,16.126626147032848,61.04086225776346,37.66803876131705,cruise
482,482,482.0,100.45760089086605,15.229168874047756,61.51012160905303,37.92425544525975,cruise
483,483,483.0,102.90388547664898,15.65988707731453,61.303408947988345,38.93011907860085,cruise
484,484,484.0,99.71608402803656,16.55521906055707,61.191092407519534,37.62302728533916,cruise
485,485,485.0,99.14796209417898,13.381027362214468,61.10400007715879,38.24412438181144,cruise
486,486,486.0,96.1025880163729,16.756117157816398,61.13463359608582,37.198725672312605,cruise
487,487,487.0,102.15150679478776,12.253993966228922,61.42498037273285,35.79658594734941,cruise
488,488,488.0,95.74231405407116,15.656735945663076,61.60978903905829,35.268526999291446,cruise
489,489,489.0,103.32792618156716,15.357481926572657,60.83971571858877,34.288220842707794,cruise
490,490,490.0,105.42643502222955,13.767413823615785,61.168418796846574,31.362895120820824,cruise
491,491,491.0,101.83265703618616,14.954629449348706,60.32979720754729,32.13406547354057,cruise
492,492,492.0,98.56875633222154,13.754919694668894,60.98357832696372,34.15395655419437,cruise
493,493,493.0,102.26982789654348,12.856597346276512,60.139524758607024,35.72435647880729,cruise
494,494,494.0,98.45663472226794,14.29277051677271,60.985770408484505,39.32243779401279,cruise
495,495,495.0,104.67773562732576,12.792022729256676,61.46568079905698,34.87460831637346,cruise
496,496,496.0,90.84296957892438,15.645594928186496,60.21923833629459,38.01042887263299,cruise
497,497,497.0,98.32196315940676,12.699829011695272,59.103928454796495,38.23794696929636,cruise
498,498,498.0,90.04594002438002,16.423954045982104,59.84608365349771,34.305659606933624,cruise
499,499,499.0,92.52469584886396,12.63704186414236,60.65597760718469,36.78407063411055,cruise
500,500,500.0,106.81931114906956,13.867410168837988,60.23649835347258,34.26941587482541,cruise
501,501,501.0,104.47592490985843,13.75079318356964,60.0043366792174,38.96640768223543,cruise
502,502,502.0,96.40259883357604,17.650293457749676,60.30413397777722,36.9075300147978,cruise
503,503,503.0,92.48748271979552,15.660579891233184,59.96194643934393,31.428548735934932,cruise
504,504,504.0,85.17735581079174,14.576532394911212,60.24850223336521,35.48457395646154,cruise
505,505,505.0,97.28252246033682,15.997438882139448,60.01927139788305,39.94433648547164,cruise
506,506,506.0,112.10207506123702,10.785615305340624,60.24032970584796,34.4563068963599,high_altitude
507,507,507.0,102.17442135731824,14.913732820718185,59.57879744135253,36.343145090285205,cruise
508,508,508.0,97.20213856975256,18.995028355609527,59.771949020066295,36.63763651321744,cruise
509,509,509.0,102.32540104750151,15.264693012805346,59.08567570269635,31.8901313025062,cruise
510,510,510.0,92.1952082350278,15.13582633833867,58.858428753379656,36.53212384764054,cruise
511,511,511.0,98.51338318651182,16.096256759284394,59.932462899288566,30.81849454389612,cruise
512,512,512.0,100.4973873650787,16.791210486628692,59.10710133716034,33.12312768079581,cruise
513,513,513.0,99.56949674089476,11.00506661422028,59.32135920185011,38.227168902482575,cruise
514,514,514.0,103.9540306084504,11.635347036417947,58.90070884604454,36.07026887092508,cruise
515,515,515.0,101.72322613118028,15.420582582172294,58.46550093329878,34.08656657676042,cruise
516,516,516.0,103.34163009053998,13.57024687620498,58.68417012496988,36.33938306373556,cruise
517,517,517.0,96.5581385888462,17.624050524439827,59.316595607482455,34.819723256734605,cruise
518,518,518.0,104.48907704205274,14.369651220229551,58.79613855565823,35.0377355070555,cruise
519,519,519.0,108.14468473811996,11.130938528573765,57.58270185857321,36.97045558016041,cruise
520,520,520.0,95.14925240174294,12.463972166312006,58.25073613007028,32.81789677802261,cruise
521,521,521.0,95.5615217214272,9.50064796073885,59.16942517463063,35.12100921666407,cruise
522,522,522.0,106.67892168160115,14.531748925434174,58.09129976727322,34.063195416180044,cruise
523,523,523.0,99.0432800665247,14.623231745471234,57.21787877225103,30.24318987619923,cruise
524,524,524.0,107.01910696033278,14.151074580436203,58.98456248074931,32.2386327312521,cruise
525,525,525.0,97.78732144053907,17.157758078059477,58.29915421286435,39.704619341191496,cruise
526,526,526.0,107.27522788135356,17.397039673033387,57.84287144847148,36.1541699437557,cruise
527,527,527.0,100.65742908402726,14.659223153287778,57.612088929756766,31.029235095795837,cruise
528,528,528.0,101.29114411661348,10.730612665046287,58.25889368261359,30.37893687245477,cruise
529,529,529.0,107.82359010834952,16.234563160984518,57.36664593752455,34.66350829966825,cruise
530,530,530.0,98.19114761277916,16.110720457017152,58.131685769815554,39.683559599529445,cruise
531,531,531.0,95.2943895203752,15.61878314031389,57.74857512033961,34.43972559558694,cruise
532,532,532.0,97.75717895985822,16.962959498616232,57.51973836014108,38.92099866021205,cruise
533,533,533.0,102.2616697532157,12.67034380707792,57.39007471998512,36.05579231245597,cruise
534,534,534.0,92.17120463909744,19.01751077237028,57.14975321888015,36.41375137353768,cruise
535,535,535.0,103.1873545132556,13.081144493716264,57.67997721726179,30.99283847208629,cruise
536,536,536.0,97.30614341191128,16.49844585440171,56.64440566102616,37.81256876524928,cruise
537,537,537.0,105.73906330366782,11.625304611173297,56.186034433581895,33.99520388817918,cruise
538,538,538.0,88.02869847549763,13.139470625459898,57.22413697836316,37.589277360832725,cruise
539,539,539.0,96.06717112447916,18.032737293450676,57.15245600087041,32.55749005404166,cruise
540,540,540.0,91.5676592438295,14.4782003539983,56.99687733301264,35.531148042529736,cruise
541,541,541.0,95.86885266818024,16.679845210265597,56.8805408614857,36.05600886181289,cruise
542,542,542.0,101.23832950554473,15.473910777438492,56.43632640742782,34.5379000502724,cruise
543,543,543.0,99.10386687275124,14.790083687999656,56.91025786870928,36.21363557925847,cruise
544,544,544.0,98.73311215525992,17.72770064986538,56.413657373059166,34.20080877442248,cruise
545,545,545.0,99.2040756430997,14.5266823506962,56.11279957594877,33.052820740876165,cruise
546,546,546.0,101.01694120309972,11.43852378487306,56.12033062014858,39.81645014838189,cruise
547,547,547.0,94.95731979028446,13.393519816096587,57.20651604558412,38.146858599084325,cruise
548,548,548.0,103.53424820449526,16.102383457403388,55.2486280750934,32.71740576485547,cruise
549,549,549.0,103.31332985192742,15.791018212725016,56.28593008818394,36.70533291678384,cruise
550,550,550.0,101.92518968828053,11.865883499529124,55.1164007421441,32.77196343589654,cruise
551,551,551.0,102.78266721375633,13.551314961183598,55.82175920671439,31.445946069013026,cruise
552,552,552.0,101.4820900040433,13.836557301595509,55.5789820532187,38.10142832419693,cruise
553,553,553.0,110.17536651365532,14.26906081177155,54.67320156737578,29.88770112305778,high_altitude
554,554,554.0,99.56452914473743,12.248172822796898,55.83015443085252,37.78056774072962,cruise
555,555,555.0,98.46458390832711,13.743257783761043,55.36553652445946,34.241833062280826,cruise
556,556,556.0,96.23236209821312,13.542779029480943,54.42587230419485,34.365360190758416,cruise
557,557,557.0,94.83868664711082,16.54306651952384,55.81517944078252,36.22925365886987,cruise
558,558,558.0,93.77764106199464,16.61824262198049,56.032818404309786,36.74359643598276,cruise
559,559,559.0,95.5560134338454,14.708379083822368,55.98029740638352,32.52097046951327,cruise
560,560,560.0,99.64659809173963,14.215920408258537,55.33463337548089,37.15317682625019,cruise
561,561,561.0,101.67147564248856,15.279848624078229,55.09810414436363,35.34011161407567,cruise
562,562,562.0,100.2557102927608,13.36684978508885,55.659073305442895,31.231835621395884,cruise
563,563,563.0,96.17232361285144,12.70633583566512,55.75610670758497,34.49037654926078,cruise
564,564,564.0,104.50092282009982,13.119557582148566,55.40161918627265,39.14383704667678,cruise
565,565,565.0,103.69706336150472,13.730373672057087,54.283985953639856,40.02978439473709,cruise
566,566,566.0,99.20175846288991,12.673052400415456,54.77534710128214,37.15204537282603,cruise
567,567,567.0,96.73541927667644,15.324119118125749,54.81435266674031,31.42896953549489,cruise
568,568,568.0,102.742139604149,16.459431347567417,53.609706030055904,36.47182070736766,cruise
569,569,569.0,100.93986793743052,11.825803398403515,54.66911476424482,37.55258271157758,cruise
570,570,570.0,92.75936370292476,15.050257422432066,55.49085026734405,37.17712394995617,cruise
571,571,571.0,99.66009872007795,14.560128409467328,54.59424235717467,37.35486286606376,cruise
572,572,572.0,101.31017906037192,15.683017371073603,54.93090073491508,36.08978923774259,cruise
573,573,573.0,95.50152606756124,14.974122463792824,54.20557147917847,34.78276298350837,cruise
574,574,574.0,100.94921696418722,12.09280144013674,53.99742487204213,33.17489751228794,cruise
575,575,575.0,92.72588757371103,12.47522140228567,54.14458964899445,29.306193444495516,cruise
576,576,576.0,106.68093050006084,15.058847151169946,53.46596054988166,36.018925300140054,cruise
577,577,577.0,106.23974992529716,17.05756183949102,53.3119062001766,35.55815853095657,cruise
578,578,578.0,98.73741332848518,10.571625257913992,54.3468659922984,36.67272752847445,cruise
579,579,579.0,101.81727168919537,15.69145315960316,54.319804805066894,30.98736892012132,cruise
580,580,580.0,87.95039017100062,17.379244010575285,53.05800039575988,36.935050067945184,cruise
581,581,581.0,94.21826169867332,14.693948247587574,53.957472875750405,41.163635283862334,cruise
582,582,582.0,98.53110539923937,16.10040499205288,53.34991340559039,35.235350392333736,cruise
583,583,583.0,94.6393348928657,13.593861838204395,53.48321760055853,34.81500404238038,cruise
584,584,584.0,103.5719824131533,14.761267601446246,53.46334255295077,35.927007068257105,cruise
585,585,585.0,109.98648265373996,11.758172963383696,53.65032838721532,41.09701107413101,cruise
586,586,586.0,94.1169264028535,10.311313383162252,53.11443217400467,31.929056714900327,cruise
587,587,587.0,95.81268297957403,16.885531602450552,53.69807399064396,35.60962080018172,cruise
588,588,588.0,101.17724184154966,13.030010144551117,53.06761933279288,32.60102773310707,cruise
589,589,589.0,108.05558074249812,14.088944309993138,53.1449249690676,33.35898583746501,cruise
590,590,590.0,93.88812843730048,12.227115493459614,52.33612145698413,34.85122907635418,cruise
591,591,591.0,101.2451806115347,12.180060593832248,53.75200217802509,39.04196972484068,cruise
592,592,592.0,109.10649425406554,14.652324599810768,52.82750505419508,40.40297180206621,cruise
593,593,593.0,91.74120425910368,13.540845611728708,52.86901122518506,36.34442643388012,cruise
594,594,594.0,93.59465396577085,15.755941995989398,51.62833952682666,33.870215830929546,cruise
595,595,595.0,97.8819669676958,15.905076837959184,51.9410013408128,42.47821659991556,cruise
596,596,596.0,97.39705793572294,15.641699292649214,52.89121411623164,33.71733655601144,cruise
597,597,597.0,104.06300643876824,15.477201581856889,52.335637751338496,33.28659225692079,cruise
598,598,598.0,101.2082985991042,18.15553640986377,51.15522224469765,29.67517086626382,cruise
599,599,599.0,91.12518970178937,12.864812461910228,52.55117699652394,39.18827470773423,cruise
600,600,600.0,102.57705201450403,14.890130267594165,51.68006054977559,37.90473677711388,cruise
601,601,601.0,97.11230556322177,17.26537964103918,52.57753036481023,42.25341660834934,cruise
602,602,602.0,106.3722360847062,17.52907961867607,51.74787395248995,30.831429943345626,cruise
603,603,603.0,96.8620623178154,12.156472701310854,51.81406505472198,39.37451242243733,cruise
604,604,604.0,96.81692358448882,14.37528911668826,52.221108920927456,35.21040655509838,cruise
605,605,605.0,102.70565805402266,17.716242191734523,51.10280506612423,37.41830065040041,cruise
606,606,606.0,103.81463241168468,16.01615821039813,50.9750480675545,30.056668576686587,cruise
607,607,607.0,102.240496819681,15.390526062959545,51.29314218119234,39.40424546799589,cruise
608,608,608.0,91.57201341307596,14.564630613130689,51.724897711121926,37.35955025399549,cruise
609,609,609.0,102.69017219964124,14.23239814858451,50.56579260492449,34.88326989564135,cruise
610,610,610.0,94.828459741628,15.576438126180648,50.317133851206606,36.93533806298336,cruise
611,611,611.0,101.17638055794131,14.495251750031033,51.48293153459297,32.70351409687325,cruise
612,612,612.0,92.8813278230047,14.914842757911112,50.68950183470749,33.2616797432549,cruise
613,613,613.0,102.23161073771531,15.157197412230074,50.71479790445077,33.60966615912381,cruise
614,614,614.0,95.96700547846314,13.643856943013002,49.90242562986075,29.441816414929164,cruise
615,615,615.0,93.5868267486974,16.064258747762878,50.411261093574765,37.5852754826101,cruise
616,616,616.0,103.569100682412,20.82848929683084,50.6668870223551,38.574780842547696,cruise
617,617,617.0,101.20822260838376,11.446026721347849,51.05577951940204,32.89596755070848,cruise
618,618,618.0,96.93011599303551,15.64802504837996,50.12489542739319,36.044609047834456,cruise
619,619,619.0,107.25589424510532,13.479619822762189,51.25911849054668,34.20337857611229,cruise
620,620,620.0,97.79673789215128,16.1548051550385,50.008072338260455,35.98482188624309,cruise
621,621,621.0,100.16053836985468,15.093114946655724,49.928724369477685,33.117268276366914,cruise
622,622,622.0,101.344567238393,16.523709548084927,50.95886896613909,32.349724531737095,cruise
623,623,623.0,96.90167032935692,17.351013153017558,50.21584018629207,38.15622465807122,cruise
624,624,624.0,102.35568146699964,15.384842235536365,49.754017665524245,34.80838824462652,cruise
625,625,625.0,97.33273826417638,17.264104576828355,49.87238338435966,41.06632685256043,cruise
626,626,626.0,97.94180838891896,10.311404212422644,50.546406658640905,35.13892989438242,cruise
627,627,627.0,106.8132131990167,18.180904595832047,50.52289119960263,32.221765878948524,cruise
628,628,628.0,94.79706973743784,15.75012430378468,49.30131312007459,38.68082262930782,cruise
629,629,629.0,87.93609834535255,17.155686711490365,49.60841272459008,36.89240049243806,cruise
630,630,630.0,108.05468497505947,12.560248510316956,49.59462796338334,37.18061859108927,cruise
631,631,631.0,112.74663976303502,13.338460236789327,48.97634941421117,38.57180203660376,high_altitude
632,632,632.0,97.97365367275334,15.291876588289549,49.3615468630644,33.04161111846262,cruise
633,633,633.0,90.31580979689907,14.965924221325071,49.31197073953516,34.618240073044134,cruise
634,634,634.0,98.44758011902027,15.566137176019978,49.7993339686976,34.48565050553662,cruise
635,635,635.0,98.56888525079664,17.169030321859932,49.75286166330476,31.127760389253144,cruise
636,636,636.0,99.05038079488872,11.469559369394302,48.90446436988957,34.20922954952527,cruise
637,637,637.0,94.43305979039076,16.947638143434617,48.88201241705859,39.00913837363047,cruise
638,638,638.0,102.8978057123824,15.016563819915854,49.241055059936734,35.712014311381544,cruise
639,639,639.0,102.62253687643044,14.592436277750904,48.536234604365326,30.96181601646504,cruise
640,640,640.0,92.52797190090348,12.05776953123022,49.04306882461746,30.332481765005195,cruise
641,641,641.0,103.49598365847444,16.00609733675373,48.62471542498406,39.994328176244814,cruise
642,642,642.0,110.26342490972944,10.171784297937926,48.10388929971928,34.72904296923461,high_altitude
643,643,643.0,100.8598016621853,16.296788022477426,48.03009015206868,33.057769382895145,cruise
644,644,644.0,98.31337418965748,12.015788329054017,49.15195777644398,34.17802470530899,cruise
645,645,645.0,99.2899839279624,15.106915825234948,48.27013760877669,30.568076737048003,cruise
646,646,646.0,103.0762838348428,14.76166232534416,49.08844531521742,39.26928544853486,cruise
647,647,647.0,91.34664197246391,17.339076294587766,47.93137005783073,33.82084118724191,cruise
648,648,648.0,100.82195351488652,14.64268966197222,48.25371070867385,39.10220458321527,cruise
649,649,649.0,98.04768025268596,13.611722877708669,49.224366389537145,35.154955143341944,cruise
650,650,650.0,109.23912506478024,13.986794608057592,47.41925457561631,39.28859592370532,cruise
651,651,651.0,99.1291363309752,17.545765537509325,46.918960617917975,35.77008349712926,cruise
652,652,652.0,108.3394380555976,16.072593938361788,48.4310828534314,37.559697988607226,cruise
653,653,653.0,94.48129651108997,14.228740036953678,47.29430315501117,37.15727913826501,cruise
654,654,654.0,102.93629583401396,14.527107160070972,47.61727444557451,36.86987319875591,cruise
655,655,655.0,101.59700131895616,11.865645818829108,47.25458844232176,36.043803431548135,cruise
656,656,656.0,95.65476376067608,15.776948401703082,47.601548857945126,34.30144785165324,cruise
657,657,657.0,100.8869805731847,11.480368584609067,46.91211928379451,40.74630407471858,cruise
658,658,658.0,106.062594184158,16.503592931670912,47.21733726336565,32.2791890447123,cruise
659,659,659.0,98.381041478567,15.257243184982531,47.45213489050549,35.01292292702948,cruise
660,660,660.0,91.54018675415118,19.773903599147843,46.64299270401001,35.04465762562278,cruise
661,661,661.0,99.91218586761278,12.79972889255139,46.71702505224412,36.207322260030566,cruise
662,662,662.0,95.48788452603743,14.794675817918732,46.81329557018772,33.711582062316495,cruise
663,663,663.0,98.2882953066806,18.596575401846124,46.19249918979376,35.94423891676876,cruise
664,664,664.0,99.5920611515744,17.382779280582827,46.61554633542745,34.4934722443911,cruise
665,665,665.0,91.47173891992242,13.6075758968402,46.8061450166982,30.254142447686306,cruise
666,666,666.0,91.9217083033966,15.447934856746896,46.46689219587245,35.02865685877054,cruise
667,667,667.0,102.41033417762765,15.003998712830176,46.45089834012072,31.698304000909545,cruise
668,668,668.0,97.3864065191516,15.563911734788316,46.49655567105321,29.796842712653294,cruise
669,669,669.0,87.17627829089716,13.60263912803034,46.09855469521027,35.410619962068154,cruise
670,670,670.0,103.92422018304067,14.82135919459853,46.69187762927978,36.4636500260587,cruise
671,671,671.0,101.3618487763712,11.803895249446573,46.98425532866715,36.58009412631373,cruise
672,672,672.0,96.43062587981758,15.270246903736163,45.95399599008846,36.70151212105908,cruise
673,673,673.0,93.4158489447088,15.900041346843665,46.34870522184496,29.202232937178167,cruise
674,674,674.0,104.17903948157168,14.545161174712232,45.9062174483087,30.91694921627759,cruise
675,675,675.0,101.74675311280215,11.769898218830424,46.1286896184652,40.92056431044101,cruise
676,676,676.0,111.91301141342036,16.977063725702926,46.64875563146749,31.85837371976889,high_altitude
677,677,677.0,102.10094299362468,15.729050075985604,46.04011555729483,36.83252309341007,cruise
678,678,678.0,101.93851570631008,13.547969804598049,44.81899843630087,32.93918713500246,cruise
679,679,679.0,99.16536034945716,14.438799106323872,45.8526234413491,35.239018217802695,cruise
680,680,680.0,104.08387933600396,11.998661194436323,46.16197741720005,33.10023739317922,cruise
681,681,681.0,103.12542600624076,12.94917974444419,45.35466738046641,36.68462346385893,cruise
682,682,682.0,106.25862504282595,13.92437730728572,45.8832027884443,35.4103223519501,cruise
683,683,683.0,97.39338540681358,17.4568416245603,44.96024753472933,33.6551306790673,cruise
684,684,684.0,97.8229626352802,13.720993218225049,44.482455645464086,31.84948364095787,cruise
685,685,685.0,97.6044841454401,16.280427318657516,45.21572965456146,35.803322592477535,cruise
686,686,686.0,103.95400860589494,13.92336759427684,44.1868267046919,31.36184360287223,cruise
687,687,687.0,107.49187220148366,15.49589512170375,44.86509947853818,36.28244312636252,cruise
688,688,688.0,97.70579753425348,14.717208995712395,45.54832603622766,42.8794547271107,cruise
689,689,689.0,97.87613136103454,16.746113200185487,43.869943371951685,39.05051015378604,cruise
690,690,690.0,101.570386119349,13.930377323562883,44.10499634678779,37.15504366068249,cruise
691,691,691.0,98.7711924999355,11.854943499995118,44.14864854208388,34.743178106776554,cruise
692,692,692.0,104.76026826569944,12.236101937272736,44.552924654729104,29.183742118989425,cruise
693,693,693.0,88.74111354690477,13.936245012114483,44.3216461116814,31.033140812299447,cruise
694,694,694.0,95.86647476541552,12.501880058643897,45.12399261527246,38.84837856830814,cruise
695,695,695.0,96.08791833019276,15.820424031359105,44.82151850889019,32.63073175962566,cruise
696,696,696.0,88.39821993806927,14.068463670283844,44.51190073729856,32.90224370550786,cruise
697,697,697.0,95.181807778156,19.749213100052863,44.25699934135613,34.50304857294793,cruise
698,698,698.0,95.42421942077036,11.524570809725736,44.30071899259652,31.813861223460336,cruise
699,699,699.0,98.99447672740584,15.407266357419603,43.593032846367336,31.31969379634509,cruise
700,700,700.0,105.56482945830132,12.744093952988662,44.37254912072225,34.848577781655734,cruise
701,701,701.0,98.7746967440465,14.013197319234642,43.30784173668426,32.32541163598389,cruise
702,702,702.0,94.84593139864424,15.282838946681087,44.2014722807349,32.77694426066331,cruise
703,703,703.0,99.71522729393236,10.349257250251426,44.29677495476312,32.65642692155898,cruise
704,704,704.0,105.24586810720676,15.473652233576056,43.72905592466767,36.56708064150341,cruise
705,705,705.0,95.12020591942547,18.805814924548336,43.45543701406256,34.30362292851393,cruise
706,706,706.0,95.44712558039276,14.093123403262814,43.6636184176183,34.46428409631844,cruise
707,707,707.0,102.79274479637112,15.51961571361102,41.95262419833305,36.79083769192665,cruise
708,708,708.0,98.892319421346,17.0498433862508,43.45443241254603,34.57388117530118,cruise
709,709,709.0,103.23742345354736,14.672092999946006,43.16654622430332,34.165238694628485,cruise
710,710,710.0,99.93176604102352,13.838079622937034,43.11782908661465,36.41135106671051,cruise
711,711,711.0,103.50831824044784,10.448527192556496,43.41632931951197,37.00459353067289,cruise
712,712,712.0,94.8246094297968,16.28198143878995,42.94559852220062,34.558779501474184,cruise
713,713,713.0,99.93957674605866,14.773663180542206,42.33279947457732,35.241823326861564,cruise
714,714,714.0,98.9465499281842,12.974632297223677,42.752121487410136,32.65462931080002,cruise
715,715,715.0,93.92054537947936,15.253193420555387,42.77652048478316,32.417950870506424,cruise
716,716,716.0,92.18261026065656,13.832639286387638,42.72012961845317,37.307442505900426,cruise
717,717,717.0,103.42874517637333,13.94314773776895,42.66354226622512,36.334826187633865,cruise
718,718,718.0,98.24523808891011,16.212582312217418,43.02218702496178,36.36589531524973,cruise
719,719,719.0,94.88859859176335,12.323235177352313,41.87940514590535,35.842563046176565,cruise
720,720,720.0,99.51910531538334,17.094630572147516,42.430192570424765,35.13860982744486,cruise
721,721,721.0,105.64009428674652,12.204627673763191,42.90722711157138,37.08923567246831,cruise
722,722,722.0,88.59631077314039,13.674597183289473,41.31487643371359,37.805326283068354,cruise
723,723,723.0,92.51680655048337,18.845892388133155,42.19192544249213,37.733684015571946,cruise
724,724,724.0,95.38556779052368,17.254709523284845,41.7293327710355,34.69766625216204,cruise
725,725,725.0,107.30589433360164,15.19520798499088,41.75658674970539,39.160978189726514,cruise
726,726,726.0,101.41293491459648,13.118939568997568,41.40945811025465,35.68538204519697,cruise
727,727,727.0,103.83658620230614,13.941455386600214,41.69700642393156,36.897128577697394,cruise
728,728,728.0,94.29919540436885,15.146550629171394,42.62232950891515,35.84626367250464,cruise
729,729,729.0,94.40232062364736,15.075046464679197,40.98940644103301,35.741020122452525,cruise
730,730,730.0,102.23906858361356,14.818258140748076,40.95673654030213,32.79274402924904,cruise
731,731,731.0,100.29137165467723,14.938334971831631,40.810494176379706,37.10405251503448,cruise
732,732,732.0,102.74369409432065,14.571249780589772,42.24509052469543,43.53588318472292,cruise
733,733,733.0,99.06164504535774,12.116042528719976,41.07013144854066,33.87561477562975,cruise
734,734,734.0,101.39071863227312,13.966978515678337,41.208401691047385,35.21298414627484,cruise
735,735,735.0,100.79059542452556,16.829248107973694,40.93974967058802,33.66138420695821,cruise
736,736,736.0,103.88883694542464,12.263331404897766,40.58884962185952,33.5359402953142,cruise
737,737,737.0,104.03504140972235,14.620888976921442,40.863405657673766,39.633348434356016,cruise
738,738,738.0,91.90064002804117,13.360492142458313,42.13002270376918,32.981086946817605,cruise
739,739,739.0,88.76365722329572,15.222700858796223,41.516856281307945,33.57775857990092,cruise
740,740,740.0,105.00872698825754,14.222733637866364,40.31427183184461,30.23752152880609,cruise
741,741,741.0,105.93862546630967,17.954787329949337,40.9844477121915,32.727164826373254,cruise
742,742,742.0,94.89688490243331,16.01316630838051,40.16481919424739,29.87480032113996,cruise
743,743,743.0,90.70082296727186,12.376393668445576,39.61231668107739,36.895414097635786,cruise
744,744,744.0,100.495174105036,16.3424560232274,40.93017587925274,43.39909166551193,cruise
745,745,745.0,104.65419113175264,13.450696287475877,40.92038676366212,33.899963619048435,cruise
746,746,746.0,108.98797261217156,13.846007257244931,40.78328638578421,29.99972620102929,cruise
747,747,747.0,102.58148786050724,15.627638040214244,39.9452475555704,37.6999989932892,cruise
748,748,748.0,98.14141651707152,14.016505160539731,40.01671223309911,32.81922512320953,cruise
749,749,749.0,95.53434689207567,16.78571163264591,40.39490279684908,38.89804079166062,cruise
750,750,750.0,100.05725645835328,13.450979876973207,40.13568795861399,34.153912856630164,cruise
751,751,751.0,98.50367648057372,13.762106894817274,39.66304112421134,33.10455293275166,cruise
752,752,752.0,94.92466047135592,13.687258212903782,38.9702438697207,34.46612733276294,cruise
753,753,753.0,110.24377825431644,13.868722503289922,39.75663729677071,37.27333028280856,high_altitude
754,754,754.0,108.92584201036064,17.198383111095627,40.15912443923768,34.31773810773303,cruise
755,755,755.0,105.68024341777716,16.257592587220607,38.94074539502246,33.50982589161888,cruise
756,756,756.0,95.39574801095436,18.419887908024144,39.77883915029745,34.40350519106338,cruise
757,757,757.0,104.2750966214864,19.53528840779851,39.54515022694623,31.184434446497345,cruise
758,758,758.0,103.19813204748952,12.93856593613532,39.674373430915466,36.19109480688194,cruise
759,759,759.0,102.21272812102026,15.140838254654575,39.655206969078726,29.639820218465267,cruise
760,760,760.0,106.24832633521888,12.647599366713134,38.79190651817646,33.667635636903455,cruise
761,761,761.0,103.17685571430638,13.444788144503466,38.25057935897659,37.27815562649223,cruise
762,762,762.0,103.70007118152168,13.73983497948866,38.71221921613754,35.90914484879815,cruise
763,763,763.0,103.18453141686103,12.885690251723451,39.343462557662406,36.77096171895917,cruise
764,764,764.0,101.70395704001054,12.896225454203172,38.54781686705584,34.80486298184357,cruise
765,765,765.0,91.08194435142909,14.71143124295949,38.39171707680992,38.50923854295655,cruise
766,766,766.0,100.4181053870528,12.566563163227189,37.74798348769634,37.774097590309374,cruise
767,767,767.0,97.21904020575435,16.684253918275267,39.454902355854045,36.33842301274302,cruise
768,768,768.0,93.60079521179988,13.164492925164971,38.911355319211154,37.78263733194063,cruise
769,769,769.0,108.40908309650412,20.619137940192783,38.8033664090558,37.25127066321073,cruise
770,770,770.0,108.64497670442852,14.097231098071209,38.82220103172808,33.68160945995933,cruise
771,771,771.0,106.79610300147806,15.144035283834103,38.54661243902996,30.968303264926,cruise
772,772,772.0,101.27606708427938,12.40931763106793,38.05601375058841,36.261086377527874,cruise
773,773,773.0,106.75312560476328,18.41218351625528,38.016216046037,36.63826769249429,cruise
774,774,774.0,100.06026590300912,17.239001361605833,37.804235835721954,38.2714159734157,cruise
775,775,775.0,101.0139863844889,15.593831741472226,39.25530831514544,32.19103617486412,cruise
776,776,776.0,94.53264314769008,12.306394902440868,38.13581387350758,32.28070682216851,cruise
777,777,777.0,101.9849565224942,15.42133375544924,37.54587755710206,36.37970079892331,cruise
778,778,778.0,100.30192964212208,12.75713790796549,37.93044608478084,34.78649903344074,cruise
779,779,779.0,93.48673941582769,17.924710526946722,37.11218315868946,29.342715168286617,cruise
780,780,780.0,99.744014440917,16.618389463706347,38.28979089683215,36.125324491262575,cruise
781,781,781.0,99.60135218071596,15.190878076975473,37.12692290955389,29.442731255033134,cruise
782,782,782.0,108.9878058332232,10.127248673505356,37.62792009368861,32.164230344379874,cruise
783,783,783.0,104.47106664256704,13.03316804268194,37.830286112168864,39.05504411858032,cruise
784,784,784.0,100.05722719545732,16.375522263199745,37.40960148931971,40.47463705342135,cruise
785,785,785.0,101.2439365490054,17.425767383446313,37.18437213304696,31.35303089458412,cruise
786,786,786.0,100.221061890521,17.218339622984264,37.06245809948506,34.01182538776192,cruise
787,787,787.0,98.98543007602224,11.815973995517089,36.94875642853342,35.12786756923612,cruise
788,788,788.0,94.58786401305856,15.603104613625808,36.608547652433145,40.34368078274471,cruise
789,789,789.0,99.24474061196536,17.03103043296586,36.59207510193197,33.5213931565268,cruise
790,790,790.0,96.26950871673743,11.68332886883551,37.476531923562206,33.569347930900165,cruise
791,791,791.0,93.74842230538428,14.984190969253527,36.60238834031408,39.64617667538859,cruise
792,792,792.0,102.55610907273768,15.547684796616911,36.18367844188519,33.87563254184523,cruise
793,793,793.0,101.95632329966618,14.39847083030653,36.23834769806575,37.16660512689937,cruise
794,794,794.0,91.0664624431596,11.295676289197598,36.96660175676503,30.56857110466272,cruise
795,795,795.0,99.38657681252435,14.348603779852542,36.674139652918576,34.48630176772302,cruise
796,796,796.0,104.97850692949962,14.345389139489953,36.53642084537238,30.021209485020787,cruise
797,797,797.0,105.2961186944816,14.703855190904491,36.047415576721285,31.833698657132885,cruise
798,798,798.0,105.1291842144262,13.873057149149862,36.38277733118257,37.51760406545679,cruise
799,799,799.0,100.1945660345073,14.113975693517066,35.69423545354069,34.85028382673986,cruise
800,800,800.0,95.77477336015424,14.920587435306045,35.80612892026304,34.042682778341074,cruise
801,801,801.0,94.5815058632097,15.884909209939424,36.34075809955172,32.753751128057246,cruise
802,802,802.0,101.7230245237518,14.391146474286666,36.212914615235306,34.338031780276154,cruise
803,803,803.0,101.89640017182582,14.180702143263996,35.204740772720285,35.90333950130208,cruise
804,804,804.0,106.43665555802532,15.184708076508915,35.18785238916132,37.948748619385285,cruise
805,805,805.0,105.49989825171042,11.158168148209636,35.589886611942234,27.124559947709592,cruise
806,806,806.0,99.33885671734414,15.954070254452915,36.3185216427902,32.50471647721157,cruise
807,807,807.0,93.77897060569563,14.998873805754082,34.41759279314087,35.47728872656702,cruise
808,808,808.0,98.40446701494552,15.079387053195124,35.43446176508054,34.70341065211314,cruise
809,809,809.0,101.08615597405262,16.921468615188928,34.52719354942864,36.21012872758018,cruise
810,810,810.0,98.98958377305298,11.094368939903504,34.817969638372354,35.80262085837966,cruise
811,811,811.0,97.11052945961173,11.052332260282071,34.87284084602293,34.08539641101978,cruise
812,812,812.0,101.2644240748495,15.54760769064704,34.76472080325652,33.41944041203847,cruise
813,813,813.0,97.48021129294696,14.985766289742967,34.62799692506528,34.2634955307935,cruise
814,814,814.0,96.85966958137313,15.340353886383864,34.818418345003,38.44622704946823,cruise
815,815,815.0,101.5572641715172,14.075745849655108,34.46710695141944,32.80397620128286,cruise
816,816,816.0,97.99003709935396,16.328707348479863,33.923425962227576,34.811579830568135,cruise
817,817,817.0,101.22052194489176,16.86527768598224,34.96450938083596,35.55002664199526,cruise
818,818,818.0,101.3660201142606,15.967964587903056,34.87093057806893,39.68105278962337,cruise
819,819,819.0,94.30285499454212,14.478343083190834,34.83600156942575,34.09907522529106,cruise
820,820,820.0,97.59379438067292,10.784621224771191,33.56396708620229,37.87641996803288,cruise
821,821,821.0,107.18888469958232,16.538472416074256,34.403713330546324,38.69593820979507,cruise
822,822,822.0,94.18960243632856,17.443457332435187,34.51216360207763,34.80873720502805,cruise
823,823,823.0,89.41672775514735,16.28911682396796,33.5784930598743,34.367843062769715,cruise
824,824,824.0,90.69077423378744,13.240715145264987,34.01860063810507,34.01283898385535,cruise
825,825,825.0,100.14554973288335,16.347588787335514,33.87580061127875,34.23253059727225,cruise
826,826,826.0,100.1545863901635,16.72105941592289,34.77492918313798,37.5627195817305,cruise
827,827,827.0,99.4119457228744,18.117632495598173,34.736021792280056,35.69302993176654,cruise
828,828,828.0,106.07094914464253,13.247780151544085,32.86151549702859,35.70586912750961,cruise
829,829,829.0,86.63582783448531,14.547090830911722,34.8605771164776,31.62432946886049,cruise
830,830,830.0,101.97966937215412,16.49454410228691,33.07592067295687,32.0975297678743,cruise
831,831,831.0,107.80719100901788,15.114820142876315,33.943790100617164,41.43034047433094,cruise
832,832,832.0,94.36109617554143,12.76534479589745,33.85862236380523,34.46652282413393,cruise
833,833,833.0,98.10096744105051,15.829232570053406,32.79544817987239,32.67568401326492,cruise
834,834,834.0,96.2355404138569,16.157323267630332,33.45984711013276,39.29329749676789,cruise
835,835,835.0,95.52826976961236,15.175925792662005,33.0793662610001,35.84542564605066,cruise
836,836,836.0,98.3686899748848,15.43916985435989,33.330218055369244,36.73446475059357,cruise
837,837,837.0,107.13742641842252,14.48258819662854,33.08830912416328,34.5858587741554,cruise
838,838,838.0,109.1869333774376,17.956557871432118,33.49106263557801,34.04398072826959,cruise
839,839,839.0,98.32030387479928,13.198615632574649,32.85051258438584,34.49124088250813,cruise
840,840,840.0,109.52530107032236,13.82535847447244,32.64879569801957,30.85178548910412,cruise
841,841,841.0,100.17788238492312,15.02197102705505,33.20068476918124,34.73621777174031,cruise
842,842,842.0,108.7684551335054,16.757908055401785,32.86277055500187,35.88809923112785,cruise
843,843,843.0,99.53350675173256,12.005253659810926,32.858399189652935,40.551389701531264,cruise
844,844,844.0,100.65528913023071,12.379406500469122,32.08011907628311,35.25799719501565,cruise
845,845,845.0,101.82737236321417,10.924542984530564,31.80970094163309,27.997468873369087,cruise
846,846,846.0,115.89426839683767,15.06539045050654,31.968391180625897,34.71804370164614,high_altitude
847,847,847.0,104.25642787422396,12.763388365586913,31.861761479331875,43.21851239932492,cruise
848,848,848.0,96.46367735024268,14.230899779964169,32.48519172641854,37.59909870495512,cruise
849,849,849.0,104.8449893513793,16.322756379783417,32.50000403715903,32.56733316857424,cruise
850,850,850.0,98.19083731457827,13.716914558434308,31.854366787165727,36.77331954329167,cruise
851,851,851.0,97.55124908549396,15.46256404548673,32.567311361264025,32.773959725330776,cruise
852,852,852.0,104.54300679946056,14.401324184496556,32.45600646865433,30.938577441359428,cruise
853,853,853.0,100.15542793885577,16.344228630192873,31.81339114989196,33.95489191029778,cruise
854,854,854.0,101.39287957255902,15.950256134696016,31.20066572584009,35.27457931771659,cruise
855,855,855.0,100.06992610932646,13.61613260765078,32.3192198562493,29.38353349269981,cruise
856,856,856.0,101.68291563302718,14.662696493199094,31.42094277593724,31.55252212838409,cruise
857,857,857.0,102.12482948718076,17.087486795440988,31.43445396958685,35.03100668954706,cruise
858,858,858.0,90.31516533647292,15.786753740508194,31.121488778488004,33.77548047203314,cruise
859,859,859.0,103.33286334304766,12.206075884497738,30.76631604806261,36.18443381343828,cruise
860,860,860.0,95.0899029008485,16.311236122342766,30.39681141597348,31.35599501807432,cruise
861,861,861.0,92.78850432220294,12.830778755127524,31.36748521282969,37.1423412456599,cruise
862,862,862.0,99.7079437807066,17.825026139922013,30.579270444022654,31.44872270881941,cruise
863,863,863.0,100.41990501657229,17.04819767968205,32.420656505389296,39.92820290581289,cruise
864,864,864.0,96.5324691771386,15.5797709518368,30.267774019504568,29.85272514686505,cruise
865,865,865.0,104.15515928833987,15.314465686872389,30.10203949324004,31.722337188849764,cruise
866,866,866.0,93.28912416814546,14.58193548794516,30.90572000845737,36.25211240909549,cruise
867,867,867.0,97.9652812561372,16.357047902800055,31.33522731005421,39.99269975449292,cruise
868,868,868.0,97.075629325335,14.258443661075876,30.522785318962097,35.94512910834851,cruise
869,869,869.0,99.7670636483033,15.471139741279789,30.696531620504043,36.68857376054717,cruise
870,870,870.0,101.3943214232362,16.7438687330389,29.40855662160097,35.05261070501918,cruise
871,871,871.0,94.96053525188228,13.87638691294882,29.911494477404364,31.92080463765442,cruise
872,872,872.0,103.62141338728114,13.767614520018611,29.633362305601384,33.52958495528186,cruise
873,873,873.0,100.3150118416735,12.611269038551082,29.142567165116144,31.36427084005617,cruise
874,874,874.0,90.54026873344044,12.871054507747656,30.06850012702195,31.163870096669385,cruise
875,875,875.0,90.20704279801484,11.343209377116995,28.80851611912471,36.20524675795924,cruise
876,876,876.0,99.93840353535344,16.45965757803106,29.18875186680612,31.630466053736114,cruise
877,877,877.0,98.89516341106822,18.617829084165542,29.501172872763057,35.95866202017008,cruise
878,878,878.0,99.48289943212684,17.85065788694061,29.274046771714147,31.094531743336702,cruise
879,879,879.0,99.8600877173489,11.747831022746968,29.80781386071314,35.88914906035026,cruise
880,880,880.0,101.1277991975509,16.4497093431124,29.68231962548077,33.53395229311111,cruise
881,881,881.0,104.73824804924148,17.844212699847112,29.89634882241717,39.21984660095193,cruise
882,882,882.0,94.4444754954122,14.086380038522671,29.745561235725702,35.9711566867372,cruise
883,883,883.0,94.14014203549604,15.202894861300098,29.859695683969974,38.70734867898243,cruise
884,884,884.0,94.5333807105631,10.98421389839066,29.20825000920468,32.73305985072442,cruise
885,885,885.0,101.44458333584352,15.533472335953284,29.280862579537462,35.1684300207325,cruise
886,886,886.0,106.22473689323223,12.872880541130565,29.30480590000864,32.05673852565116,cruise
887,887,887.0,97.84330280880243,15.39927003582303,29.03979731766448,33.75918427176675,cruise
888,888,888.0,87.49150077920173,11.87759415562224,28.690291733930348,34.21368733176611,cruise
889,889,889.0,91.48003568694811,16.085716448955193,28.64258754163892,32.82242533793858,cruise
890,890,890.0,95.83481638601994,17.04902535085338,28.319949529563743,31.353491423462916,cruise
891,891,891.0,97.21135556252392,13.433640276569664,28.85945706360356,30.75944802904204,cruise
892,892,892.0,97.95805686372636,12.72615483717913,28.521560981525987,27.98075565287781,cruise
893,893,893.0,100.1929056149046,10.68795391490004,28.156901613170103,31.830960609489622,cruise
894,894,894.0,98.44126834588776,14.467172931849646,28.07728599874611,36.88248169001553,cruise
895,895,895.0,105.24669805271704,13.83681213143679,27.72312896443693,30.20450440396015,cruise
896,896,896.0,96.61991347159316,11.897961175303893,28.737668918866845,30.89563146124009,cruise
897,897,897.0,95.68841020262228,15.906037512624344,28.20747700293406,40.37269571369875,cruise
898,898,898.0,102.3943776926023,14.100059236270702,27.65668807830145,33.09051185045524,cruise
899,899,899.0,92.3217896503694,12.848528082709535,28.412281882809012,35.96313802749451,cruise
900,900,900.0,101.9484585266,13.890855188719106,27.64770352303074,36.92695143950149,cruise
901,901,901.0,100.51276591863132,17.14260907785923,27.144597534341727,36.98757838934384,cruise
902,902,902.0,99.26278755040916,16.205873887510446,28.27837891237733,30.43305730817582,cruise
903,903,903.0,107.9413805357463,14.73994787700302,27.419139192904627,34.30682096030153,cruise
904,904,904.0,96.88896277352642,16.238210036929704,27.40315806250321,30.145318191444822,cruise
905,905,905.0,110.3014908526204,12.678176087226522,27.548117537702115,42.33895357673097,high_altitude
906,906,906.0,98.8728427538595,15.06474020145406,28.018742058842506,30.2153742079532,cruise
907,907,907.0,93.61491777514884,15.29464466097294,27.37738601280052,31.85647934339054,cruise
908,908,908.0,100.34959790497412,14.060326983002549,26.68772872421467,31.878197435475485,cruise
909,909,909.0,94.61877399840616,15.870916671914836,27.479145709263296,30.51001856983136,cruise
910,910,910.0,96.24122076093248,13.439133090711096,26.884632264996263,39.05778172926964,cruise
911,911,911.0,101.98516650007744,16.019641415552236,27.991009032811775,42.26734370325049,cruise
912,912,912.0,102.77791044325062,16.103717543062583,26.96640710596802,33.57275264206215,cruise
913,913,913.0,96.88916149872873,9.165680238605868,25.769369137937552,31.03873055946677,cruise
914,914,914.0,104.937025725232,17.380611407020236,26.98548929288464,28.289223503821937,cruise
915,915,915.0,105.78753879010569,8.904734869294492,27.69902562285684,34.267673844433695,cruise
916,916,916.0,107.18150878281644,13.767901948887747,27.43460679091934,34.05090373051567,cruise
917,917,917.0,102.6470670356286,17.05069606851551,27.482043710944847,33.04611162091957,cruise
918,918,918.0,106.81714356042848,14.36542654949512,25.976606393795752,35.66412576192869,cruise
919,919,919.0,90.59600786012972,12.067628035060917,26.862482604394792,36.18551942844646,cruise
920,920,920.0,98.41046725685769,12.812525876566658,25.965329056457968,35.9692497738137,cruise
921,921,921.0,95.66497371838288,17.053811492641238,26.358390945954707,34.051625384094535,cruise
922,922,922.0,100.59612930563696,11.156990938902725,25.529689951796296,31.69513451127721,cruise
923,923,923.0,97.14275390401632,17.257982201924033,25.763858203644727,36.99749929342015,cruise
924,924,924.0,99.16921079025134,14.88979580191542,25.6678826573242,35.03754127826459,cruise
925,925,925.0,109.41087440102024,12.615209339115133,26.375203565997232,37.66507257450395,cruise
926,926,926.0,99.15140101789812,13.833769855394618,26.246205406680676,37.3702266484167,cruise
927,927,927.0,102.06896158595109,12.965551317796717,25.904175630431173,30.734713792858653,cruise
928,928,928.0,98.83865335037882,16.732450401717056,25.010474976657992,30.69733337762719,cruise
929,929,929.0,100.37856643978417,16.464855619525675,25.449785888630743,32.73337784377841,cruise
930,930,930.0,100.03008340218037,11.561677732247906,25.15246728405416,31.831203775128,cruise
931,931,931.0,102.2416203298658,14.192815762961333,25.88028332379269,37.265755327928304,cruise
932,932,932.0,105.82653767773589,13.273628675311446,25.954457791773955,36.05392902796376,cruise
933,933,933.0,108.23696998801664,17.58701993691874,25.81347807830073,38.29755198135593,cruise
934,934,934.0,101.54810040954584,12.299801763747158,24.82759549549669,36.18946045223275,cruise
935,935,935.0,102.94773443017802,18.20845820937003,23.755358563980383,35.62594874562011,cruise
936,936,936.0,94.24567745407217,14.933410520966126,24.16156409598001,38.59918934103251,cruise
937,937,937.0,99.5606162879219,12.676131187239823,25.675778454006068,36.40918201920515,cruise
938,938,938.0,104.70144732441794,13.645451631981445,24.68425741522497,35.20430289031316,cruise
939,939,939.0,104.32984319208576,13.396762318463098,24.429442495672248,39.44135910179206,cruise
940,940,940.0,101.05804866397526,12.450763195968989,25.54605487144284,35.34554264945837,cruise
941,941,941.0,104.43196979783976,15.189653719460752,25.277224617388807,34.08697818524624,cruise
942,942,942.0,102.4538335449691,12.544168898616311,24.576788925524458,32.48653022366705,cruise
943,943,943.0,106.0015312912966,10.639267582523622,24.337782938952497,37.10907637713623,cruise
944,944,944.0,101.44679578478556,14.240647058303654,24.33835379799784,38.71115162552741,cruise
945,945,945.0,98.22150842214482,11.394287607164234,24.437905723518057,34.84823779569971,cruise
946,946,946.0,101.67920628466511,13.49567826386496,25.04426788490405,38.92374687133952,cruise
947,947,947.0,85.34702812073613,13.181794222793288,24.375397876282776,29.08995490408527,cruise
948,948,948.0,101.91442868192524,13.257567855948372,24.447098600603653,34.83363987557625,cruise
949,949,949.0,81.75793587392609,19.001926203180307,24.588639058539087,34.87971526368669,cruise
950,950,950.0,91.38268296297292,15.11282313433914,23.339085923411712,32.81901688277796,cruise
951,951,951.0,102.25884300470491,15.490742017990664,24.221274790080862,42.15158311394562,cruise
952,952,952.0,102.38764668633398,11.44720340731541,23.61647938643296,34.80142210193372,cruise
953,953,953.0,94.18785609930036,13.692073732726156,22.4256360857973,33.7768076851867,cruise
954,954,954.0,96.43948979060532,15.430605259883023,22.539518832610696,35.07788634030052,cruise
955,955,955.0,106.85270494307066,12.950942174173989,23.01446471776418,28.991558784422512,cruise
956,956,956.0,97.57984934213664,16.81612568703597,23.70905505773973,32.72039622396525,cruise
957,957,957.0,111.21460156201492,12.59460682819794,23.42026314603351,37.94971990833621,high_altitude
958,958,958.0,99.99040073411828,14.42726772826965,23.375466636871117,33.11316393520168,cruise
959,959,959.0,102.04018088440634,13.827896720048884,24.178674944546547,32.51337451159919,cruise
960,960,960.0,108.08437199249305,15.328641318763832,22.48857831569321,38.9285769095432,cruise
961,961,961.0,100.6551355809671,13.719019856289147,23.02932636595118,39.02076320285549,cruise
962,962,962.0,94.988280096546,14.458212745858123,23.11518072436987,36.55097141648343,cruise
963,963,963.0,99.45136274152856,14.52773981644403,22.514746324613714,33.634647997883995,cruise
964,964,964.0,99.82194631904954,13.5312244852174,22.816966175344277,34.28158680465103,cruise
965,965,965.0,93.17629173899218,15.970187736994223,21.92274805568055,32.58755011527512,cruise
966,966,966.0,98.72083964329588,15.476776749674851,23.34759575128016,32.01568064291406,cruise
967,967,967.0,96.2890395300128,14.822772109493666,22.221755286297345,31.866750535074704,cruise
968,968,968.0,104.62178878593716,14.139083333076083,23.498182564871733,33.14583677964438,cruise
969,969,969.0,100.17305937092628,16.593088061039992,22.386165240443678,31.895837027945767,cruise
970,970,970.0,98.58602125426216,14.528331512371638,22.836349105021917,30.308884644370558,cruise
971,971,971.0,99.46909034688711,14.386605424348126,22.215590807746665,35.65820800926172,cruise
972,972,972.0,101.11561009203083,15.209380059776253,22.146790246031895,35.703786742680315,cruise
973,973,973.0,103.0840709984489,18.393173365941703,21.79006741547108,40.10237827528495,cruise
974,974,974.0,95.0014388566531,12.319287583957593,22.06156396668514,32.99498489493589,cruise
975,975,975.0,94.79206183689364,16.53971378611071,22.080921269128947,35.88830176886981,cruise
976,976,976.0,105.52339607701263,11.21365767752379,21.44971258738425,35.938137737824405,cruise
977,977,977.0,97.93831563897636,15.434546316457247,21.69923955383182,34.2384873166234,cruise
978,978,978.0,92.91578953701564,18.15016565521746,21.376632248653124,37.23300076624903,cruise
979,979,979.0,102.21906354691552,15.977337048934617,22.751433636409025,37.32568756055214,cruise
980,980,980.0,102.31684903016344,15.341250157079584,21.476656136565712,35.98223328559262,cruise
981,981,981.0,92.34642371371646,13.879101062393849,22.21405751728972,34.23308088485661,cruise
982,982,982.0,101.14740857731805,15.062094400977108,21.26355019595752,33.9274096743364,cruise
983,983,983.0,103.67791546214188,14.495874369193288,21.410925102048736,30.89673830360882,cruise
984,984,984.0,101.87193225853132,13.428046784137289,20.54051916537857,32.58224666414692,cruise
985,985,985.0,103.15990741880698,14.42024876905026,20.897584825187188,33.13397742829493,cruise
986,986,986.0,92.97865450954626,15.39676232125288,21.146308376435663,31.628084712711697,cruise
987,987,987.0,101.65520077498098,13.46556586293872,21.75396287644089,36.319771900063,cruise
988,988,988.0,98.48690120264776,13.387436358630632,20.991872269719018,38.58988360696103,cruise
989,989,989.0,97.58604920637676,12.27951312481565,21.4926609813973,32.27581270301255,cruise
990,990,990.0,104.35277804709864,15.781450052177792,21.04108527582218,35.85032430723391,cruise
991,991,991.0,107.39637255337117,16.090646523934122,21.454341310372985,31.89766658141087,cruise
992,992,992.0,108.9718502730018,15.463320888473037,20.531039451908036,34.085233487182514,cruise
993,993,993.0,106.57403935752951,16.93034098545733,21.675591835806383,32.92901126246667,cruise
994,994,994.0,99.45132909184908,15.175735274161456,20.157702298943335,36.805686945819325,cruise
995,995,995.0,101.76360081513172,15.784021874731511,19.937089403221485,32.96363547847346,cruise
996,996,996.0,103.8341143589212,15.607674851275126,19.635213815395723,38.03498124111994,cruise
997,997,997.0,100.60588974649733,14.816919961163585,21.325672495939195,34.2628376790134,cruise
998,998,998.0,100.65382093955772,13.938356343740706,20.48980386638903,33.05118887121551,cruise
999,999,999.0,104.11876565938093,19.42830523158382,19.832939633309845,31.24008421296451,cruise
